ID_EXECUCAO_LOTE=FOCUS_MAS_20260923_150347
ENTRADA=Revisao Master Deploy/Revisao_Master_Deploy.sql
SHA256_SUITE=7290fd66a7bfad273dfec6554f2cd5672e2a12738abf0472d3b7aebe3155abb9
POS_VALIDACAO=Clientes/FOCUSFINTAXPRD/Artefatos_Revisao/PostValidacao/00_Master_PosExecucao_FOCUSFINTAXPRD_READONLY.sql
AUTORIZACAO=PRE_AUTORIZADA
PREFLIGHT_STATUS=PREFLIGHT_APROVADO
PREFLIGHT_BLOQUEIOS=0
PREFLIGHT_AVISOS=1
CONFIRMACAO_NATIVA=DISPENSADA_POR_EXECUTAR_BASE
SESSION_USER=FRANCISCO_JUNIOR
CURRENT_SCHEMA=SANKHYA
SERVICE_NAME=focusfintaxprd.sankhyacloud.com.br
PRIVILEGIOS=["ALTER ANY TABLE", "CREATE ANY TABLE", "DROP ANY TABLE"]
QUOTAS=[]
[OK 1/1085] SELECT Revisao Master Deploy/Revisao_Master_Deploy.sql:12 ROWCOUNT=0
[OK 2/1085] PLSQL_OR_DDL_BLOCK Revisao Master Deploy/01_Preparar_Controle_Objetos.sql:6 ROWCOUNT=0
DBMS_OUTPUT=ID_MASTER=RMD_RUN_20260923150349432
[OK 3/1085] PLSQL_OR_DDL_BLOCK Revisao Master Deploy/01_Preparar_Controle_Objetos.sql:11 ROWCOUNT=0
DBMS_OUTPUT=CONTROLE_CRIADO=RMD_CONTROLE_OBJETOS
[OK 4/1085] PLSQL_OR_DDL_BLOCK Revisao Master Deploy/02_Liberar_Filtros_Portais.sql:5 ROWCOUNT=0
[OK 5/1085] PLSQL_OR_DDL_BLOCK Revisao Master Deploy/02_Liberar_Filtros_Portais.sql:13 ROWCOUNT=0
DBMS_OUTPUT=ID_EXECUCAO=RMD_PORT_20260923150350535
DBMS_OUTPUT=REGISTROS_ALTERADOS=4
DBMS_OUTPUT=TRIGGERS_LOG_TSIPAR=3_DESABILITADOS_E_REABILITADOS
[OK 6/1085] PLSQL_OR_DDL_BLOCK Revisao Master Deploy/03_Padronizar_DANFE_Empresas.sql:5 ROWCOUNT=0
[OK 7/1085] PLSQL_OR_DDL_BLOCK Revisao Master Deploy/03_Padronizar_DANFE_Empresas.sql:12 ROWCOUNT=0
DBMS_OUTPUT=ID_EXECUCAO=RMD_DANF_20260923150351275
DBMS_OUTPUT=REGISTROS_ALTERADOS=3
[OK 8/1085] PLSQL_OR_DDL_BLOCK Revisao Master Deploy/04_Desativar_Custo_TOP_Devolucao.sql:5 ROWCOUNT=0
[OK 9/1085] PLSQL_OR_DDL_BLOCK Revisao Master Deploy/04_Desativar_Custo_TOP_Devolucao.sql:13 ROWCOUNT=0
DBMS_OUTPUT=ID_EXECUCAO=RMD_TOPC_20260923150351793
DBMS_OUTPUT=REGISTROS_ALTERADOS=136
[OK 10/1085] PLSQL_OR_DDL_BLOCK Revisao Master Deploy/05_Habilitar_Calculo_Giro_Produtos.sql:5 ROWCOUNT=0
[OK 11/1085] PLSQL_OR_DDL_BLOCK Revisao Master Deploy/05_Habilitar_Calculo_Giro_Produtos.sql:13 ROWCOUNT=0
DBMS_OUTPUT=ID_EXECUCAO=RMD_GIRO_20260923150352263
DBMS_OUTPUT=REGISTROS_ALTERADOS=0
[OK 12/1085] PLSQL_OR_DDL_BLOCK Revisao Master Deploy/06_Zerar_Parcelas_Tipos_Negociacao.sql:5 ROWCOUNT=0
[OK 13/1085] PLSQL_OR_DDL_BLOCK Revisao Master Deploy/06_Zerar_Parcelas_Tipos_Negociacao.sql:13 ROWCOUNT=0
DBMS_OUTPUT=ID_EXECUCAO=RMD_PARC_20260923150352834
DBMS_OUTPUT=REGISTROS_ALTERADOS=17
[OK 14/1085] PLSQL_OR_DDL_BLOCK Revisao Master Deploy/07_Preencher_Data_Movimento.sql:5 ROWCOUNT=0
[OK 15/1085] PLSQL_OR_DDL_BLOCK Revisao Master Deploy/07_Preencher_Data_Movimento.sql:13 ROWCOUNT=0
DBMS_OUTPUT=ID_EXECUCAO=RMD_DTMV_20260923150353343
DBMS_OUTPUT=REGISTROS_ALTERADOS=0
[OK 16/1085] PLSQL_OR_DDL_BLOCK Revisao Master Deploy/08_Preencher_Protocolos_Documentos_Legados.sql:5 ROWCOUNT=0
[OK 17/1085] PLSQL_OR_DDL_BLOCK Revisao Master Deploy/08_Preencher_Protocolos_Documentos_Legados.sql:12 ROWCOUNT=0
DBMS_OUTPUT=ID_EXECUCAO=RMD_PROT_20260923150353845
DBMS_OUTPUT=REGISTROS_ALTERADOS=0
[OK 18/1085] PLSQL_OR_DDL_BLOCK Revisao Master Deploy/09_Liberar_Itens_Documentos_Legados.sql:5 ROWCOUNT=0
[OK 19/1085] PLSQL_OR_DDL_BLOCK Revisao Master Deploy/09_Liberar_Itens_Documentos_Legados.sql:13 ROWCOUNT=0
DBMS_OUTPUT=ID_EXECUCAO=RMD_ITEM_20260923150354394
DBMS_OUTPUT=ITENS_ALTERADOS=392
[OK 20/1085] PLSQL_OR_DDL_BLOCK Revisao Master Deploy/10_Habilitar_ICMS_Gerencial.sql:5 ROWCOUNT=0
[OK 21/1085] PLSQL_OR_DDL_BLOCK Revisao Master Deploy/10_Habilitar_ICMS_Gerencial.sql:13 ROWCOUNT=0
DBMS_OUTPUT=ID_EXECUCAO=RMD_ICMG_20260923150355493
DBMS_OUTPUT=REGISTROS_ALTERADOS=0
[OK 22/1085] PLSQL_OR_DDL_BLOCK Revisao Master Deploy/11_Habilitar_Ruptura_Produtos.sql:5 ROWCOUNT=0
[OK 23/1085] PLSQL_OR_DDL_BLOCK Revisao Master Deploy/11_Habilitar_Ruptura_Produtos.sql:13 ROWCOUNT=0
DBMS_OUTPUT=ID_EXECUCAO=RMD_RUPP_20260923150356004
DBMS_OUTPUT=REGISTROS_ALTERADOS=1
[OK 24/1085] PLSQL_OR_DDL_BLOCK Revisao Master Deploy/12_Habilitar_Ruptura_Empresas.sql:5 ROWCOUNT=0
DBMS_OUTPUT=ID_EXECUCAO=RMD_RUPE_20260923150356290
DBMS_OUTPUT=EMPRESAS_ALTERADAS=0
[OK 25/1085] PLSQL_OR_DDL_BLOCK Revisao Master Deploy/13_Configurar_TOPs_Giro_GOL.sql:5 ROWCOUNT=0
[OK 26/1085] PLSQL_OR_DDL_BLOCK Revisao Master Deploy/13_Configurar_TOPs_Giro_GOL.sql:12 ROWCOUNT=0
DBMS_OUTPUT=ID_EXECUCAO=RMD_TOPG_20260923150356849
DBMS_OUTPUT=REGISTROS_ALTERADOS=1441
DBMS_OUTPUT=AVISO=Mapeamento de TOPs possui cobertura parcial aprovada.
[OK 27/1085] PLSQL_OR_DDL_BLOCK Revisao Master Deploy/14_Configurar_Analise_Giro_848.sql:5 ROWCOUNT=0
[OK 28/1085] PLSQL_OR_DDL_BLOCK Revisao Master Deploy/14_Configurar_Analise_Giro_848.sql:14 ROWCOUNT=0
DBMS_OUTPUT=ATIVIDADE14_BACKUP_ROWCOUNT=1;UPDATE_ROWCOUNT=1
DBMS_OUTPUT=ID_EXECUCAO=RMD_G848_20260923150357725
DBMS_OUTPUT=ANALISE_GIRO_848_ATUALIZADA=1
[OK 29/1085] PLSQL_OR_DDL_BLOCK Revisao Master Deploy/15_Desativar_Rastro_Sem_Controle.sql:5 ROWCOUNT=0
[OK 30/1085] PLSQL_OR_DDL_BLOCK Revisao Master Deploy/15_Desativar_Rastro_Sem_Controle.sql:13 ROWCOUNT=0
DBMS_OUTPUT=ID_EXECUCAO=RMD_RAST_20260923150358403
DBMS_OUTPUT=REGISTROS_ALTERADOS=0
[OK 31/1085] PLSQL_OR_DDL_BLOCK Revisao Master Deploy/16_Aplicar_Higienizacao_TSICFG.sql:10 ROWCOUNT=0
[OK 32/1085] PLSQL_OR_DDL_BLOCK Revisao Master Deploy/16_Aplicar_Higienizacao_TSICFG.sql:15 ROWCOUNT=0
[OK 33/1085] PLSQL_OR_DDL_BLOCK Revisao Master Deploy/16_Aplicar_Higienizacao_TSICFG.sql:36 ROWCOUNT=0
DBMS_OUTPUT=ID_EXECUCAO=RMD_CFG_20260923150358702
DBMS_OUTPUT=TSICFG_BACKUP=890
[OK 34/1085] PLSQL_OR_DDL_BLOCK Revisao Master Deploy/16_Aplicar_Higienizacao_TSICFG.sql:55 ROWCOUNT=0
[OK 35/1085] DELETE Revisao Master Deploy/16_Aplicar_Higienizacao_TSICFG.sql:71 ROWCOUNT=0
[OK 36/1085] INSERT Revisao Master Deploy/16_Aplicar_Higienizacao_TSICFG.sql:76 ROWCOUNT=0
[OK 37/1085] INSERT Revisao Master Deploy/16_Aplicar_Higienizacao_TSICFG.sql:81 ROWCOUNT=0
[OK 38/1085] INSERT Revisao Master Deploy/16_Aplicar_Higienizacao_TSICFG.sql:82 ROWCOUNT=0
[OK 39/1085] INSERT Revisao Master Deploy/16_Aplicar_Higienizacao_TSICFG.sql:83 ROWCOUNT=0
[OK 40/1085] INSERT Revisao Master Deploy/16_Aplicar_Higienizacao_TSICFG.sql:84 ROWCOUNT=0
[OK 41/1085] INSERT Revisao Master Deploy/16_Aplicar_Higienizacao_TSICFG.sql:85 ROWCOUNT=0
[OK 42/1085] INSERT Revisao Master Deploy/16_Aplicar_Higienizacao_TSICFG.sql:86 ROWCOUNT=0
[OK 43/1085] INSERT Revisao Master Deploy/16_Aplicar_Higienizacao_TSICFG.sql:87 ROWCOUNT=0
[OK 44/1085] INSERT Revisao Master Deploy/16_Aplicar_Higienizacao_TSICFG.sql:88 ROWCOUNT=0
[OK 45/1085] INSERT Revisao Master Deploy/16_Aplicar_Higienizacao_TSICFG.sql:89 ROWCOUNT=0
[OK 46/1085] INSERT Revisao Master Deploy/16_Aplicar_Higienizacao_TSICFG.sql:90 ROWCOUNT=0
[OK 47/1085] INSERT Revisao Master Deploy/16_Aplicar_Higienizacao_TSICFG.sql:91 ROWCOUNT=0
[OK 48/1085] INSERT Revisao Master Deploy/16_Aplicar_Higienizacao_TSICFG.sql:92 ROWCOUNT=0
[OK 49/1085] INSERT Revisao Master Deploy/16_Aplicar_Higienizacao_TSICFG.sql:93 ROWCOUNT=0
[OK 50/1085] INSERT Revisao Master Deploy/16_Aplicar_Higienizacao_TSICFG.sql:94 ROWCOUNT=0
[OK 51/1085] INSERT Revisao Master Deploy/16_Aplicar_Higienizacao_TSICFG.sql:95 ROWCOUNT=0
[OK 52/1085] INSERT Revisao Master Deploy/16_Aplicar_Higienizacao_TSICFG.sql:96 ROWCOUNT=0
[OK 53/1085] INSERT Revisao Master Deploy/16_Aplicar_Higienizacao_TSICFG.sql:97 ROWCOUNT=0
[OK 54/1085] INSERT Revisao Master Deploy/16_Aplicar_Higienizacao_TSICFG.sql:98 ROWCOUNT=0
[OK 55/1085] INSERT Revisao Master Deploy/16_Aplicar_Higienizacao_TSICFG.sql:99 ROWCOUNT=0
[OK 56/1085] INSERT Revisao Master Deploy/16_Aplicar_Higienizacao_TSICFG.sql:100 ROWCOUNT=0
[OK 57/1085] INSERT Revisao Master Deploy/16_Aplicar_Higienizacao_TSICFG.sql:102 ROWCOUNT=0
[OK 58/1085] INSERT Revisao Master Deploy/16_Aplicar_Higienizacao_TSICFG.sql:103 ROWCOUNT=0
[OK 59/1085] INSERT Revisao Master Deploy/16_Aplicar_Higienizacao_TSICFG.sql:104 ROWCOUNT=0
[OK 60/1085] INSERT Revisao Master Deploy/16_Aplicar_Higienizacao_TSICFG.sql:105 ROWCOUNT=0
[OK 61/1085] INSERT Revisao Master Deploy/16_Aplicar_Higienizacao_TSICFG.sql:108 ROWCOUNT=0
[OK 62/1085] INSERT Revisao Master Deploy/16_Aplicar_Higienizacao_TSICFG.sql:109 ROWCOUNT=0
[OK 63/1085] INSERT Revisao Master Deploy/16_Aplicar_Higienizacao_TSICFG.sql:110 ROWCOUNT=0
[OK 64/1085] INSERT Revisao Master Deploy/16_Aplicar_Higienizacao_TSICFG.sql:111 ROWCOUNT=0
[OK 65/1085] INSERT Revisao Master Deploy/16_Aplicar_Higienizacao_TSICFG.sql:112 ROWCOUNT=0
[OK 66/1085] INSERT Revisao Master Deploy/16_Aplicar_Higienizacao_TSICFG.sql:113 ROWCOUNT=0
[OK 67/1085] INSERT Revisao Master Deploy/16_Aplicar_Higienizacao_TSICFG.sql:114 ROWCOUNT=0
[OK 68/1085] INSERT Revisao Master Deploy/16_Aplicar_Higienizacao_TSICFG.sql:115 ROWCOUNT=0
[OK 69/1085] INSERT Revisao Master Deploy/16_Aplicar_Higienizacao_TSICFG.sql:116 ROWCOUNT=0
[OK 70/1085] INSERT Revisao Master Deploy/16_Aplicar_Higienizacao_TSICFG.sql:117 ROWCOUNT=0
[OK 71/1085] INSERT Revisao Master Deploy/16_Aplicar_Higienizacao_TSICFG.sql:118 ROWCOUNT=0
[OK 72/1085] INSERT Revisao Master Deploy/16_Aplicar_Higienizacao_TSICFG.sql:120 ROWCOUNT=0
[OK 73/1085] INSERT Revisao Master Deploy/16_Aplicar_Higienizacao_TSICFG.sql:122 ROWCOUNT=0
[OK 74/1085] INSERT Revisao Master Deploy/16_Aplicar_Higienizacao_TSICFG.sql:123 ROWCOUNT=0
[OK 75/1085] INSERT Revisao Master Deploy/16_Aplicar_Higienizacao_TSICFG.sql:124 ROWCOUNT=0
[OK 76/1085] INSERT Revisao Master Deploy/16_Aplicar_Higienizacao_TSICFG.sql:126 ROWCOUNT=0
[OK 77/1085] INSERT Revisao Master Deploy/16_Aplicar_Higienizacao_TSICFG.sql:128 ROWCOUNT=0
[OK 78/1085] INSERT Revisao Master Deploy/16_Aplicar_Higienizacao_TSICFG.sql:131 ROWCOUNT=0
[OK 79/1085] INSERT Revisao Master Deploy/16_Aplicar_Higienizacao_TSICFG.sql:133 ROWCOUNT=0
[OK 80/1085] INSERT Revisao Master Deploy/16_Aplicar_Higienizacao_TSICFG.sql:136 ROWCOUNT=0
[OK 81/1085] INSERT Revisao Master Deploy/16_Aplicar_Higienizacao_TSICFG.sql:138 ROWCOUNT=0
[OK 82/1085] INSERT Revisao Master Deploy/16_Aplicar_Higienizacao_TSICFG.sql:141 ROWCOUNT=0
[OK 83/1085] INSERT Revisao Master Deploy/16_Aplicar_Higienizacao_TSICFG.sql:144 ROWCOUNT=0
[OK 84/1085] INSERT Revisao Master Deploy/16_Aplicar_Higienizacao_TSICFG.sql:145 ROWCOUNT=0
[OK 85/1085] INSERT Revisao Master Deploy/16_Aplicar_Higienizacao_TSICFG.sql:147 ROWCOUNT=0
[OK 86/1085] INSERT Revisao Master Deploy/16_Aplicar_Higienizacao_TSICFG.sql:150 ROWCOUNT=0
[OK 87/1085] INSERT Revisao Master Deploy/16_Aplicar_Higienizacao_TSICFG.sql:151 ROWCOUNT=0
[OK 88/1085] INSERT Revisao Master Deploy/16_Aplicar_Higienizacao_TSICFG.sql:152 ROWCOUNT=0
[OK 89/1085] INSERT Revisao Master Deploy/16_Aplicar_Higienizacao_TSICFG.sql:153 ROWCOUNT=0
[OK 90/1085] INSERT Revisao Master Deploy/16_Aplicar_Higienizacao_TSICFG.sql:154 ROWCOUNT=0
[OK 91/1085] INSERT Revisao Master Deploy/16_Aplicar_Higienizacao_TSICFG.sql:155 ROWCOUNT=0
[OK 92/1085] INSERT Revisao Master Deploy/16_Aplicar_Higienizacao_TSICFG.sql:156 ROWCOUNT=0
[OK 93/1085] INSERT Revisao Master Deploy/16_Aplicar_Higienizacao_TSICFG.sql:157 ROWCOUNT=0
[OK 94/1085] INSERT Revisao Master Deploy/16_Aplicar_Higienizacao_TSICFG.sql:158 ROWCOUNT=0
[OK 95/1085] INSERT Revisao Master Deploy/16_Aplicar_Higienizacao_TSICFG.sql:159 ROWCOUNT=0
[OK 96/1085] INSERT Revisao Master Deploy/16_Aplicar_Higienizacao_TSICFG.sql:160 ROWCOUNT=0
[OK 97/1085] INSERT Revisao Master Deploy/16_Aplicar_Higienizacao_TSICFG.sql:161 ROWCOUNT=0
[OK 98/1085] INSERT Revisao Master Deploy/16_Aplicar_Higienizacao_TSICFG.sql:162 ROWCOUNT=0
[OK 99/1085] INSERT Revisao Master Deploy/16_Aplicar_Higienizacao_TSICFG.sql:163 ROWCOUNT=0
[OK 100/1085] INSERT Revisao Master Deploy/16_Aplicar_Higienizacao_TSICFG.sql:165 ROWCOUNT=0
[OK 101/1085] INSERT Revisao Master Deploy/16_Aplicar_Higienizacao_TSICFG.sql:166 ROWCOUNT=0
[OK 102/1085] INSERT Revisao Master Deploy/16_Aplicar_Higienizacao_TSICFG.sql:167 ROWCOUNT=0
[OK 103/1085] INSERT Revisao Master Deploy/16_Aplicar_Higienizacao_TSICFG.sql:168 ROWCOUNT=0
[OK 104/1085] INSERT Revisao Master Deploy/16_Aplicar_Higienizacao_TSICFG.sql:169 ROWCOUNT=0
[OK 105/1085] INSERT Revisao Master Deploy/16_Aplicar_Higienizacao_TSICFG.sql:170 ROWCOUNT=0
[OK 106/1085] INSERT Revisao Master Deploy/16_Aplicar_Higienizacao_TSICFG.sql:171 ROWCOUNT=0
[OK 107/1085] INSERT Revisao Master Deploy/16_Aplicar_Higienizacao_TSICFG.sql:172 ROWCOUNT=0
[OK 108/1085] INSERT Revisao Master Deploy/16_Aplicar_Higienizacao_TSICFG.sql:173 ROWCOUNT=0
[OK 109/1085] INSERT Revisao Master Deploy/16_Aplicar_Higienizacao_TSICFG.sql:177 ROWCOUNT=0
[OK 110/1085] INSERT Revisao Master Deploy/16_Aplicar_Higienizacao_TSICFG.sql:189 ROWCOUNT=0
[OK 111/1085] INSERT Revisao Master Deploy/16_Aplicar_Higienizacao_TSICFG.sql:211 ROWCOUNT=0
[OK 112/1085] INSERT Revisao Master Deploy/16_Aplicar_Higienizacao_TSICFG.sql:212 ROWCOUNT=0
[OK 113/1085] INSERT Revisao Master Deploy/16_Aplicar_Higienizacao_TSICFG.sql:213 ROWCOUNT=0
[OK 114/1085] INSERT Revisao Master Deploy/16_Aplicar_Higienizacao_TSICFG.sql:214 ROWCOUNT=0
[OK 115/1085] INSERT Revisao Master Deploy/16_Aplicar_Higienizacao_TSICFG.sql:215 ROWCOUNT=0
[OK 116/1085] INSERT Revisao Master Deploy/16_Aplicar_Higienizacao_TSICFG.sql:216 ROWCOUNT=0
[OK 117/1085] INSERT Revisao Master Deploy/16_Aplicar_Higienizacao_TSICFG.sql:217 ROWCOUNT=0
[OK 118/1085] INSERT Revisao Master Deploy/16_Aplicar_Higienizacao_TSICFG.sql:218 ROWCOUNT=0
[OK 119/1085] INSERT Revisao Master Deploy/16_Aplicar_Higienizacao_TSICFG.sql:219 ROWCOUNT=0
[OK 120/1085] INSERT Revisao Master Deploy/16_Aplicar_Higienizacao_TSICFG.sql:220 ROWCOUNT=0
[OK 121/1085] INSERT Revisao Master Deploy/16_Aplicar_Higienizacao_TSICFG.sql:238 ROWCOUNT=0
[OK 122/1085] INSERT Revisao Master Deploy/16_Aplicar_Higienizacao_TSICFG.sql:239 ROWCOUNT=0
[OK 123/1085] INSERT Revisao Master Deploy/16_Aplicar_Higienizacao_TSICFG.sql:240 ROWCOUNT=0
[OK 124/1085] INSERT Revisao Master Deploy/16_Aplicar_Higienizacao_TSICFG.sql:260 ROWCOUNT=0
[OK 125/1085] INSERT Revisao Master Deploy/16_Aplicar_Higienizacao_TSICFG.sql:261 ROWCOUNT=0
[OK 126/1085] INSERT Revisao Master Deploy/16_Aplicar_Higienizacao_TSICFG.sql:262 ROWCOUNT=0
[OK 127/1085] INSERT Revisao Master Deploy/16_Aplicar_Higienizacao_TSICFG.sql:264 ROWCOUNT=0
[OK 128/1085] INSERT Revisao Master Deploy/16_Aplicar_Higienizacao_TSICFG.sql:265 ROWCOUNT=0
[OK 129/1085] INSERT Revisao Master Deploy/16_Aplicar_Higienizacao_TSICFG.sql:266 ROWCOUNT=0
[OK 130/1085] INSERT Revisao Master Deploy/16_Aplicar_Higienizacao_TSICFG.sql:267 ROWCOUNT=0
[OK 131/1085] INSERT Revisao Master Deploy/16_Aplicar_Higienizacao_TSICFG.sql:268 ROWCOUNT=0
[OK 132/1085] INSERT Revisao Master Deploy/16_Aplicar_Higienizacao_TSICFG.sql:269 ROWCOUNT=0
[OK 133/1085] INSERT Revisao Master Deploy/16_Aplicar_Higienizacao_TSICFG.sql:271 ROWCOUNT=0
[OK 134/1085] INSERT Revisao Master Deploy/16_Aplicar_Higienizacao_TSICFG.sql:273 ROWCOUNT=0
[OK 135/1085] INSERT Revisao Master Deploy/16_Aplicar_Higienizacao_TSICFG.sql:274 ROWCOUNT=0
[OK 136/1085] INSERT Revisao Master Deploy/16_Aplicar_Higienizacao_TSICFG.sql:275 ROWCOUNT=0
[OK 137/1085] INSERT Revisao Master Deploy/16_Aplicar_Higienizacao_TSICFG.sql:276 ROWCOUNT=0
[OK 138/1085] INSERT Revisao Master Deploy/16_Aplicar_Higienizacao_TSICFG.sql:277 ROWCOUNT=0
[OK 139/1085] INSERT Revisao Master Deploy/16_Aplicar_Higienizacao_TSICFG.sql:278 ROWCOUNT=0
[OK 140/1085] INSERT Revisao Master Deploy/16_Aplicar_Higienizacao_TSICFG.sql:279 ROWCOUNT=0
[OK 141/1085] INSERT Revisao Master Deploy/16_Aplicar_Higienizacao_TSICFG.sql:281 ROWCOUNT=0
[OK 142/1085] INSERT Revisao Master Deploy/16_Aplicar_Higienizacao_TSICFG.sql:282 ROWCOUNT=0
[OK 143/1085] INSERT Revisao Master Deploy/16_Aplicar_Higienizacao_TSICFG.sql:283 ROWCOUNT=0
[OK 144/1085] INSERT Revisao Master Deploy/16_Aplicar_Higienizacao_TSICFG.sql:284 ROWCOUNT=0
[OK 145/1085] INSERT Revisao Master Deploy/16_Aplicar_Higienizacao_TSICFG.sql:297 ROWCOUNT=0
[OK 146/1085] INSERT Revisao Master Deploy/16_Aplicar_Higienizacao_TSICFG.sql:298 ROWCOUNT=0
[OK 147/1085] INSERT Revisao Master Deploy/16_Aplicar_Higienizacao_TSICFG.sql:299 ROWCOUNT=0
[OK 148/1085] INSERT Revisao Master Deploy/16_Aplicar_Higienizacao_TSICFG.sql:300 ROWCOUNT=0
[OK 149/1085] INSERT Revisao Master Deploy/16_Aplicar_Higienizacao_TSICFG.sql:303 ROWCOUNT=0
[OK 150/1085] INSERT Revisao Master Deploy/16_Aplicar_Higienizacao_TSICFG.sql:308 ROWCOUNT=0
[OK 151/1085] INSERT Revisao Master Deploy/16_Aplicar_Higienizacao_TSICFG.sql:309 ROWCOUNT=0
[OK 152/1085] INSERT Revisao Master Deploy/16_Aplicar_Higienizacao_TSICFG.sql:310 ROWCOUNT=0
[OK 153/1085] INSERT Revisao Master Deploy/16_Aplicar_Higienizacao_TSICFG.sql:311 ROWCOUNT=0
[OK 154/1085] INSERT Revisao Master Deploy/16_Aplicar_Higienizacao_TSICFG.sql:312 ROWCOUNT=0
[OK 155/1085] INSERT Revisao Master Deploy/16_Aplicar_Higienizacao_TSICFG.sql:338 ROWCOUNT=0
[OK 156/1085] INSERT Revisao Master Deploy/16_Aplicar_Higienizacao_TSICFG.sql:339 ROWCOUNT=0
[OK 157/1085] INSERT Revisao Master Deploy/16_Aplicar_Higienizacao_TSICFG.sql:340 ROWCOUNT=0
[OK 158/1085] INSERT Revisao Master Deploy/16_Aplicar_Higienizacao_TSICFG.sql:341 ROWCOUNT=0
[OK 159/1085] INSERT Revisao Master Deploy/16_Aplicar_Higienizacao_TSICFG.sql:342 ROWCOUNT=0
[OK 160/1085] INSERT Revisao Master Deploy/16_Aplicar_Higienizacao_TSICFG.sql:343 ROWCOUNT=0
[OK 161/1085] INSERT Revisao Master Deploy/16_Aplicar_Higienizacao_TSICFG.sql:352 ROWCOUNT=0
[OK 162/1085] INSERT Revisao Master Deploy/16_Aplicar_Higienizacao_TSICFG.sql:353 ROWCOUNT=0
[OK 163/1085] INSERT Revisao Master Deploy/16_Aplicar_Higienizacao_TSICFG.sql:354 ROWCOUNT=0
[OK 164/1085] INSERT Revisao Master Deploy/16_Aplicar_Higienizacao_TSICFG.sql:355 ROWCOUNT=0
[OK 165/1085] INSERT Revisao Master Deploy/16_Aplicar_Higienizacao_TSICFG.sql:356 ROWCOUNT=0
[OK 166/1085] INSERT Revisao Master Deploy/16_Aplicar_Higienizacao_TSICFG.sql:357 ROWCOUNT=0
[OK 167/1085] INSERT Revisao Master Deploy/16_Aplicar_Higienizacao_TSICFG.sql:358 ROWCOUNT=0
[OK 168/1085] INSERT Revisao Master Deploy/16_Aplicar_Higienizacao_TSICFG.sql:359 ROWCOUNT=0
[OK 169/1085] INSERT Revisao Master Deploy/16_Aplicar_Higienizacao_TSICFG.sql:360 ROWCOUNT=0
[OK 170/1085] INSERT Revisao Master Deploy/16_Aplicar_Higienizacao_TSICFG.sql:361 ROWCOUNT=0
[OK 171/1085] INSERT Revisao Master Deploy/16_Aplicar_Higienizacao_TSICFG.sql:363 ROWCOUNT=0
[OK 172/1085] INSERT Revisao Master Deploy/16_Aplicar_Higienizacao_TSICFG.sql:366 ROWCOUNT=0
[OK 173/1085] INSERT Revisao Master Deploy/16_Aplicar_Higienizacao_TSICFG.sql:369 ROWCOUNT=0
[OK 174/1085] INSERT Revisao Master Deploy/16_Aplicar_Higienizacao_TSICFG.sql:371 ROWCOUNT=0
[OK 175/1085] INSERT Revisao Master Deploy/16_Aplicar_Higienizacao_TSICFG.sql:372 ROWCOUNT=0
[OK 176/1085] INSERT Revisao Master Deploy/16_Aplicar_Higienizacao_TSICFG.sql:373 ROWCOUNT=0
[OK 177/1085] INSERT Revisao Master Deploy/16_Aplicar_Higienizacao_TSICFG.sql:376 ROWCOUNT=0
[OK 178/1085] INSERT Revisao Master Deploy/16_Aplicar_Higienizacao_TSICFG.sql:379 ROWCOUNT=0
[OK 179/1085] INSERT Revisao Master Deploy/16_Aplicar_Higienizacao_TSICFG.sql:381 ROWCOUNT=0
[OK 180/1085] INSERT Revisao Master Deploy/16_Aplicar_Higienizacao_TSICFG.sql:384 ROWCOUNT=0
[OK 181/1085] INSERT Revisao Master Deploy/16_Aplicar_Higienizacao_TSICFG.sql:387 ROWCOUNT=0
[OK 182/1085] INSERT Revisao Master Deploy/16_Aplicar_Higienizacao_TSICFG.sql:389 ROWCOUNT=0
[OK 183/1085] INSERT Revisao Master Deploy/16_Aplicar_Higienizacao_TSICFG.sql:391 ROWCOUNT=0
[OK 184/1085] INSERT Revisao Master Deploy/16_Aplicar_Higienizacao_TSICFG.sql:393 ROWCOUNT=0
[OK 185/1085] INSERT Revisao Master Deploy/16_Aplicar_Higienizacao_TSICFG.sql:394 ROWCOUNT=0
[OK 186/1085] INSERT Revisao Master Deploy/16_Aplicar_Higienizacao_TSICFG.sql:396 ROWCOUNT=0
[OK 187/1085] INSERT Revisao Master Deploy/16_Aplicar_Higienizacao_TSICFG.sql:398 ROWCOUNT=0
[OK 188/1085] INSERT Revisao Master Deploy/16_Aplicar_Higienizacao_TSICFG.sql:403 ROWCOUNT=0
[OK 189/1085] INSERT Revisao Master Deploy/16_Aplicar_Higienizacao_TSICFG.sql:404 ROWCOUNT=0
[OK 190/1085] INSERT Revisao Master Deploy/16_Aplicar_Higienizacao_TSICFG.sql:440 ROWCOUNT=0
[OK 191/1085] INSERT Revisao Master Deploy/16_Aplicar_Higienizacao_TSICFG.sql:442 ROWCOUNT=0
[OK 192/1085] INSERT Revisao Master Deploy/16_Aplicar_Higienizacao_TSICFG.sql:444 ROWCOUNT=0
[OK 193/1085] INSERT Revisao Master Deploy/16_Aplicar_Higienizacao_TSICFG.sql:446 ROWCOUNT=0
[OK 194/1085] INSERT Revisao Master Deploy/16_Aplicar_Higienizacao_TSICFG.sql:448 ROWCOUNT=0
[OK 195/1085] INSERT Revisao Master Deploy/16_Aplicar_Higienizacao_TSICFG.sql:450 ROWCOUNT=0
[OK 196/1085] INSERT Revisao Master Deploy/16_Aplicar_Higienizacao_TSICFG.sql:451 ROWCOUNT=0
[OK 197/1085] INSERT Revisao Master Deploy/16_Aplicar_Higienizacao_TSICFG.sql:453 ROWCOUNT=0
[OK 198/1085] INSERT Revisao Master Deploy/16_Aplicar_Higienizacao_TSICFG.sql:454 ROWCOUNT=0
[OK 199/1085] INSERT Revisao Master Deploy/16_Aplicar_Higienizacao_TSICFG.sql:456 ROWCOUNT=0
[OK 200/1085] INSERT Revisao Master Deploy/16_Aplicar_Higienizacao_TSICFG.sql:457 ROWCOUNT=0
[OK 201/1085] INSERT Revisao Master Deploy/16_Aplicar_Higienizacao_TSICFG.sql:458 ROWCOUNT=0
[OK 202/1085] INSERT Revisao Master Deploy/16_Aplicar_Higienizacao_TSICFG.sql:459 ROWCOUNT=0
[OK 203/1085] INSERT Revisao Master Deploy/16_Aplicar_Higienizacao_TSICFG.sql:460 ROWCOUNT=0
[OK 204/1085] INSERT Revisao Master Deploy/16_Aplicar_Higienizacao_TSICFG.sql:461 ROWCOUNT=0
[OK 205/1085] INSERT Revisao Master Deploy/16_Aplicar_Higienizacao_TSICFG.sql:462 ROWCOUNT=0
[OK 206/1085] INSERT Revisao Master Deploy/16_Aplicar_Higienizacao_TSICFG.sql:464 ROWCOUNT=0
[OK 207/1085] INSERT Revisao Master Deploy/16_Aplicar_Higienizacao_TSICFG.sql:465 ROWCOUNT=0
[OK 208/1085] INSERT Revisao Master Deploy/16_Aplicar_Higienizacao_TSICFG.sql:466 ROWCOUNT=0
[OK 209/1085] INSERT Revisao Master Deploy/16_Aplicar_Higienizacao_TSICFG.sql:467 ROWCOUNT=0
[OK 210/1085] INSERT Revisao Master Deploy/16_Aplicar_Higienizacao_TSICFG.sql:468 ROWCOUNT=0
[OK 211/1085] INSERT Revisao Master Deploy/16_Aplicar_Higienizacao_TSICFG.sql:471 ROWCOUNT=0
[OK 212/1085] INSERT Revisao Master Deploy/16_Aplicar_Higienizacao_TSICFG.sql:472 ROWCOUNT=0
[OK 213/1085] INSERT Revisao Master Deploy/16_Aplicar_Higienizacao_TSICFG.sql:473 ROWCOUNT=0
[OK 214/1085] INSERT Revisao Master Deploy/16_Aplicar_Higienizacao_TSICFG.sql:474 ROWCOUNT=0
[OK 215/1085] INSERT Revisao Master Deploy/16_Aplicar_Higienizacao_TSICFG.sql:475 ROWCOUNT=0
[OK 216/1085] INSERT Revisao Master Deploy/16_Aplicar_Higienizacao_TSICFG.sql:476 ROWCOUNT=0
[OK 217/1085] INSERT Revisao Master Deploy/16_Aplicar_Higienizacao_TSICFG.sql:477 ROWCOUNT=0
[OK 218/1085] INSERT Revisao Master Deploy/16_Aplicar_Higienizacao_TSICFG.sql:494 ROWCOUNT=0
[OK 219/1085] INSERT Revisao Master Deploy/16_Aplicar_Higienizacao_TSICFG.sql:496 ROWCOUNT=0
[OK 220/1085] INSERT Revisao Master Deploy/16_Aplicar_Higienizacao_TSICFG.sql:497 ROWCOUNT=0
[OK 221/1085] INSERT Revisao Master Deploy/16_Aplicar_Higienizacao_TSICFG.sql:498 ROWCOUNT=0
[OK 222/1085] INSERT Revisao Master Deploy/16_Aplicar_Higienizacao_TSICFG.sql:500 ROWCOUNT=0
[OK 223/1085] INSERT Revisao Master Deploy/16_Aplicar_Higienizacao_TSICFG.sql:501 ROWCOUNT=0
[OK 224/1085] INSERT Revisao Master Deploy/16_Aplicar_Higienizacao_TSICFG.sql:502 ROWCOUNT=0
[OK 225/1085] INSERT Revisao Master Deploy/16_Aplicar_Higienizacao_TSICFG.sql:503 ROWCOUNT=0
[OK 226/1085] INSERT Revisao Master Deploy/16_Aplicar_Higienizacao_TSICFG.sql:504 ROWCOUNT=0
[OK 227/1085] INSERT Revisao Master Deploy/16_Aplicar_Higienizacao_TSICFG.sql:505 ROWCOUNT=0
[OK 228/1085] INSERT Revisao Master Deploy/16_Aplicar_Higienizacao_TSICFG.sql:506 ROWCOUNT=0
[OK 229/1085] INSERT Revisao Master Deploy/16_Aplicar_Higienizacao_TSICFG.sql:507 ROWCOUNT=0
[OK 230/1085] INSERT Revisao Master Deploy/16_Aplicar_Higienizacao_TSICFG.sql:508 ROWCOUNT=0
[OK 231/1085] INSERT Revisao Master Deploy/16_Aplicar_Higienizacao_TSICFG.sql:509 ROWCOUNT=0
[OK 232/1085] INSERT Revisao Master Deploy/16_Aplicar_Higienizacao_TSICFG.sql:511 ROWCOUNT=0
[OK 233/1085] INSERT Revisao Master Deploy/16_Aplicar_Higienizacao_TSICFG.sql:512 ROWCOUNT=0
[OK 234/1085] INSERT Revisao Master Deploy/16_Aplicar_Higienizacao_TSICFG.sql:513 ROWCOUNT=0
[OK 235/1085] INSERT Revisao Master Deploy/16_Aplicar_Higienizacao_TSICFG.sql:514 ROWCOUNT=0
[OK 236/1085] INSERT Revisao Master Deploy/16_Aplicar_Higienizacao_TSICFG.sql:515 ROWCOUNT=0
[OK 237/1085] INSERT Revisao Master Deploy/16_Aplicar_Higienizacao_TSICFG.sql:516 ROWCOUNT=0
[OK 238/1085] INSERT Revisao Master Deploy/16_Aplicar_Higienizacao_TSICFG.sql:517 ROWCOUNT=0
[OK 239/1085] INSERT Revisao Master Deploy/16_Aplicar_Higienizacao_TSICFG.sql:519 ROWCOUNT=0
[OK 240/1085] INSERT Revisao Master Deploy/16_Aplicar_Higienizacao_TSICFG.sql:520 ROWCOUNT=0
[OK 241/1085] INSERT Revisao Master Deploy/16_Aplicar_Higienizacao_TSICFG.sql:521 ROWCOUNT=0
[OK 242/1085] INSERT Revisao Master Deploy/16_Aplicar_Higienizacao_TSICFG.sql:522 ROWCOUNT=0
[OK 243/1085] INSERT Revisao Master Deploy/16_Aplicar_Higienizacao_TSICFG.sql:523 ROWCOUNT=0
[OK 244/1085] INSERT Revisao Master Deploy/16_Aplicar_Higienizacao_TSICFG.sql:524 ROWCOUNT=0
[OK 245/1085] INSERT Revisao Master Deploy/16_Aplicar_Higienizacao_TSICFG.sql:526 ROWCOUNT=0
[OK 246/1085] INSERT Revisao Master Deploy/16_Aplicar_Higienizacao_TSICFG.sql:527 ROWCOUNT=0
[OK 247/1085] INSERT Revisao Master Deploy/16_Aplicar_Higienizacao_TSICFG.sql:528 ROWCOUNT=0
[OK 248/1085] INSERT Revisao Master Deploy/16_Aplicar_Higienizacao_TSICFG.sql:534 ROWCOUNT=0
[OK 249/1085] INSERT Revisao Master Deploy/16_Aplicar_Higienizacao_TSICFG.sql:542 ROWCOUNT=0
[OK 250/1085] INSERT Revisao Master Deploy/16_Aplicar_Higienizacao_TSICFG.sql:543 ROWCOUNT=0
[OK 251/1085] INSERT Revisao Master Deploy/16_Aplicar_Higienizacao_TSICFG.sql:545 ROWCOUNT=0
[OK 252/1085] INSERT Revisao Master Deploy/16_Aplicar_Higienizacao_TSICFG.sql:547 ROWCOUNT=0
[OK 253/1085] INSERT Revisao Master Deploy/16_Aplicar_Higienizacao_TSICFG.sql:549 ROWCOUNT=0
[OK 254/1085] INSERT Revisao Master Deploy/16_Aplicar_Higienizacao_TSICFG.sql:550 ROWCOUNT=0
[OK 255/1085] INSERT Revisao Master Deploy/16_Aplicar_Higienizacao_TSICFG.sql:551 ROWCOUNT=0
[OK 256/1085] INSERT Revisao Master Deploy/16_Aplicar_Higienizacao_TSICFG.sql:553 ROWCOUNT=0
[OK 257/1085] INSERT Revisao Master Deploy/16_Aplicar_Higienizacao_TSICFG.sql:554 ROWCOUNT=0
[OK 258/1085] INSERT Revisao Master Deploy/16_Aplicar_Higienizacao_TSICFG.sql:557 ROWCOUNT=0
[OK 259/1085] INSERT Revisao Master Deploy/16_Aplicar_Higienizacao_TSICFG.sql:559 ROWCOUNT=0
[OK 260/1085] INSERT Revisao Master Deploy/16_Aplicar_Higienizacao_TSICFG.sql:562 ROWCOUNT=0
[OK 261/1085] INSERT Revisao Master Deploy/16_Aplicar_Higienizacao_TSICFG.sql:565 ROWCOUNT=0
[OK 262/1085] INSERT Revisao Master Deploy/16_Aplicar_Higienizacao_TSICFG.sql:574 ROWCOUNT=0
[OK 263/1085] INSERT Revisao Master Deploy/16_Aplicar_Higienizacao_TSICFG.sql:575 ROWCOUNT=0
[OK 264/1085] INSERT Revisao Master Deploy/16_Aplicar_Higienizacao_TSICFG.sql:579 ROWCOUNT=0
[OK 265/1085] INSERT Revisao Master Deploy/16_Aplicar_Higienizacao_TSICFG.sql:580 ROWCOUNT=0
[OK 266/1085] INSERT Revisao Master Deploy/16_Aplicar_Higienizacao_TSICFG.sql:583 ROWCOUNT=0
[OK 267/1085] INSERT Revisao Master Deploy/16_Aplicar_Higienizacao_TSICFG.sql:590 ROWCOUNT=0
[OK 268/1085] INSERT Revisao Master Deploy/16_Aplicar_Higienizacao_TSICFG.sql:591 ROWCOUNT=0
[OK 269/1085] INSERT Revisao Master Deploy/16_Aplicar_Higienizacao_TSICFG.sql:592 ROWCOUNT=0
[OK 270/1085] INSERT Revisao Master Deploy/16_Aplicar_Higienizacao_TSICFG.sql:602 ROWCOUNT=0
[OK 271/1085] INSERT Revisao Master Deploy/16_Aplicar_Higienizacao_TSICFG.sql:603 ROWCOUNT=0
[OK 272/1085] INSERT Revisao Master Deploy/16_Aplicar_Higienizacao_TSICFG.sql:610 ROWCOUNT=0
[OK 273/1085] INSERT Revisao Master Deploy/16_Aplicar_Higienizacao_TSICFG.sql:611 ROWCOUNT=0
[OK 274/1085] INSERT Revisao Master Deploy/16_Aplicar_Higienizacao_TSICFG.sql:612 ROWCOUNT=0
[OK 275/1085] INSERT Revisao Master Deploy/16_Aplicar_Higienizacao_TSICFG.sql:613 ROWCOUNT=0
[OK 276/1085] INSERT Revisao Master Deploy/16_Aplicar_Higienizacao_TSICFG.sql:615 ROWCOUNT=0
[OK 277/1085] INSERT Revisao Master Deploy/16_Aplicar_Higienizacao_TSICFG.sql:617 ROWCOUNT=0
[OK 278/1085] INSERT Revisao Master Deploy/16_Aplicar_Higienizacao_TSICFG.sql:618 ROWCOUNT=0
[OK 279/1085] INSERT Revisao Master Deploy/16_Aplicar_Higienizacao_TSICFG.sql:637 ROWCOUNT=0
[OK 280/1085] INSERT Revisao Master Deploy/16_Aplicar_Higienizacao_TSICFG.sql:638 ROWCOUNT=0
[OK 281/1085] INSERT Revisao Master Deploy/16_Aplicar_Higienizacao_TSICFG.sql:639 ROWCOUNT=0
[OK 282/1085] INSERT Revisao Master Deploy/16_Aplicar_Higienizacao_TSICFG.sql:640 ROWCOUNT=0
[OK 283/1085] INSERT Revisao Master Deploy/16_Aplicar_Higienizacao_TSICFG.sql:641 ROWCOUNT=0
[OK 284/1085] INSERT Revisao Master Deploy/16_Aplicar_Higienizacao_TSICFG.sql:659 ROWCOUNT=0
[OK 285/1085] INSERT Revisao Master Deploy/16_Aplicar_Higienizacao_TSICFG.sql:660 ROWCOUNT=0
[OK 286/1085] INSERT Revisao Master Deploy/16_Aplicar_Higienizacao_TSICFG.sql:661 ROWCOUNT=0
[OK 287/1085] INSERT Revisao Master Deploy/16_Aplicar_Higienizacao_TSICFG.sql:663 ROWCOUNT=0
[OK 288/1085] INSERT Revisao Master Deploy/16_Aplicar_Higienizacao_TSICFG.sql:664 ROWCOUNT=0
[OK 289/1085] INSERT Revisao Master Deploy/16_Aplicar_Higienizacao_TSICFG.sql:665 ROWCOUNT=0
[OK 290/1085] INSERT Revisao Master Deploy/16_Aplicar_Higienizacao_TSICFG.sql:673 ROWCOUNT=0
[OK 291/1085] INSERT Revisao Master Deploy/16_Aplicar_Higienizacao_TSICFG.sql:674 ROWCOUNT=0
[OK 292/1085] INSERT Revisao Master Deploy/16_Aplicar_Higienizacao_TSICFG.sql:675 ROWCOUNT=0
[OK 293/1085] INSERT Revisao Master Deploy/16_Aplicar_Higienizacao_TSICFG.sql:677 ROWCOUNT=0
[OK 294/1085] INSERT Revisao Master Deploy/16_Aplicar_Higienizacao_TSICFG.sql:697 ROWCOUNT=0
[OK 295/1085] INSERT Revisao Master Deploy/16_Aplicar_Higienizacao_TSICFG.sql:707 ROWCOUNT=0
[OK 296/1085] INSERT Revisao Master Deploy/16_Aplicar_Higienizacao_TSICFG.sql:708 ROWCOUNT=0
[OK 297/1085] INSERT Revisao Master Deploy/16_Aplicar_Higienizacao_TSICFG.sql:709 ROWCOUNT=0
[OK 298/1085] INSERT Revisao Master Deploy/16_Aplicar_Higienizacao_TSICFG.sql:711 ROWCOUNT=0
[OK 299/1085] INSERT Revisao Master Deploy/16_Aplicar_Higienizacao_TSICFG.sql:712 ROWCOUNT=0
[OK 300/1085] INSERT Revisao Master Deploy/16_Aplicar_Higienizacao_TSICFG.sql:713 ROWCOUNT=0
[OK 301/1085] INSERT Revisao Master Deploy/16_Aplicar_Higienizacao_TSICFG.sql:714 ROWCOUNT=0
[OK 302/1085] INSERT Revisao Master Deploy/16_Aplicar_Higienizacao_TSICFG.sql:715 ROWCOUNT=0
[OK 303/1085] INSERT Revisao Master Deploy/16_Aplicar_Higienizacao_TSICFG.sql:716 ROWCOUNT=0
[OK 304/1085] INSERT Revisao Master Deploy/16_Aplicar_Higienizacao_TSICFG.sql:717 ROWCOUNT=0
[OK 305/1085] INSERT Revisao Master Deploy/16_Aplicar_Higienizacao_TSICFG.sql:718 ROWCOUNT=0
[OK 306/1085] INSERT Revisao Master Deploy/16_Aplicar_Higienizacao_TSICFG.sql:720 ROWCOUNT=0
[OK 307/1085] INSERT Revisao Master Deploy/16_Aplicar_Higienizacao_TSICFG.sql:728 ROWCOUNT=0
[OK 308/1085] INSERT Revisao Master Deploy/16_Aplicar_Higienizacao_TSICFG.sql:729 ROWCOUNT=0
[OK 309/1085] INSERT Revisao Master Deploy/16_Aplicar_Higienizacao_TSICFG.sql:730 ROWCOUNT=0
[OK 310/1085] INSERT Revisao Master Deploy/16_Aplicar_Higienizacao_TSICFG.sql:737 ROWCOUNT=0
[OK 311/1085] INSERT Revisao Master Deploy/16_Aplicar_Higienizacao_TSICFG.sql:740 ROWCOUNT=0
[OK 312/1085] INSERT Revisao Master Deploy/16_Aplicar_Higienizacao_TSICFG.sql:741 ROWCOUNT=0
[OK 313/1085] INSERT Revisao Master Deploy/16_Aplicar_Higienizacao_TSICFG.sql:742 ROWCOUNT=0
[OK 314/1085] INSERT Revisao Master Deploy/16_Aplicar_Higienizacao_TSICFG.sql:747 ROWCOUNT=0
[OK 315/1085] INSERT Revisao Master Deploy/16_Aplicar_Higienizacao_TSICFG.sql:748 ROWCOUNT=0
[OK 316/1085] INSERT Revisao Master Deploy/16_Aplicar_Higienizacao_TSICFG.sql:749 ROWCOUNT=0
[OK 317/1085] INSERT Revisao Master Deploy/16_Aplicar_Higienizacao_TSICFG.sql:767 ROWCOUNT=0
[OK 318/1085] INSERT Revisao Master Deploy/16_Aplicar_Higienizacao_TSICFG.sql:768 ROWCOUNT=0
[OK 319/1085] INSERT Revisao Master Deploy/16_Aplicar_Higienizacao_TSICFG.sql:769 ROWCOUNT=0
[OK 320/1085] INSERT Revisao Master Deploy/16_Aplicar_Higienizacao_TSICFG.sql:770 ROWCOUNT=0
[OK 321/1085] INSERT Revisao Master Deploy/16_Aplicar_Higienizacao_TSICFG.sql:773 ROWCOUNT=0
[OK 322/1085] INSERT Revisao Master Deploy/16_Aplicar_Higienizacao_TSICFG.sql:774 ROWCOUNT=0
[OK 323/1085] INSERT Revisao Master Deploy/16_Aplicar_Higienizacao_TSICFG.sql:775 ROWCOUNT=0
[OK 324/1085] INSERT Revisao Master Deploy/16_Aplicar_Higienizacao_TSICFG.sql:776 ROWCOUNT=0
[OK 325/1085] INSERT Revisao Master Deploy/16_Aplicar_Higienizacao_TSICFG.sql:778 ROWCOUNT=0
[OK 326/1085] INSERT Revisao Master Deploy/16_Aplicar_Higienizacao_TSICFG.sql:779 ROWCOUNT=0
[OK 327/1085] INSERT Revisao Master Deploy/16_Aplicar_Higienizacao_TSICFG.sql:781 ROWCOUNT=0
[OK 328/1085] INSERT Revisao Master Deploy/16_Aplicar_Higienizacao_TSICFG.sql:783 ROWCOUNT=0
[OK 329/1085] INSERT Revisao Master Deploy/16_Aplicar_Higienizacao_TSICFG.sql:784 ROWCOUNT=0
[OK 330/1085] INSERT Revisao Master Deploy/16_Aplicar_Higienizacao_TSICFG.sql:785 ROWCOUNT=0
[OK 331/1085] INSERT Revisao Master Deploy/16_Aplicar_Higienizacao_TSICFG.sql:788 ROWCOUNT=0
[OK 332/1085] INSERT Revisao Master Deploy/16_Aplicar_Higienizacao_TSICFG.sql:793 ROWCOUNT=0
[OK 333/1085] INSERT Revisao Master Deploy/16_Aplicar_Higienizacao_TSICFG.sql:794 ROWCOUNT=0
[OK 334/1085] INSERT Revisao Master Deploy/16_Aplicar_Higienizacao_TSICFG.sql:795 ROWCOUNT=0
[OK 335/1085] INSERT Revisao Master Deploy/16_Aplicar_Higienizacao_TSICFG.sql:797 ROWCOUNT=0
[OK 336/1085] INSERT Revisao Master Deploy/16_Aplicar_Higienizacao_TSICFG.sql:799 ROWCOUNT=0
[OK 337/1085] INSERT Revisao Master Deploy/16_Aplicar_Higienizacao_TSICFG.sql:801 ROWCOUNT=0
[OK 338/1085] INSERT Revisao Master Deploy/16_Aplicar_Higienizacao_TSICFG.sql:802 ROWCOUNT=0
[OK 339/1085] INSERT Revisao Master Deploy/16_Aplicar_Higienizacao_TSICFG.sql:803 ROWCOUNT=0
[OK 340/1085] INSERT Revisao Master Deploy/16_Aplicar_Higienizacao_TSICFG.sql:804 ROWCOUNT=0
[OK 341/1085] INSERT Revisao Master Deploy/16_Aplicar_Higienizacao_TSICFG.sql:808 ROWCOUNT=0
[OK 342/1085] INSERT Revisao Master Deploy/16_Aplicar_Higienizacao_TSICFG.sql:809 ROWCOUNT=0
[OK 343/1085] INSERT Revisao Master Deploy/16_Aplicar_Higienizacao_TSICFG.sql:810 ROWCOUNT=0
[OK 344/1085] INSERT Revisao Master Deploy/16_Aplicar_Higienizacao_TSICFG.sql:811 ROWCOUNT=0
[OK 345/1085] INSERT Revisao Master Deploy/16_Aplicar_Higienizacao_TSICFG.sql:812 ROWCOUNT=0
[OK 346/1085] INSERT Revisao Master Deploy/16_Aplicar_Higienizacao_TSICFG.sql:813 ROWCOUNT=0
[OK 347/1085] INSERT Revisao Master Deploy/16_Aplicar_Higienizacao_TSICFG.sql:814 ROWCOUNT=0
[OK 348/1085] INSERT Revisao Master Deploy/16_Aplicar_Higienizacao_TSICFG.sql:815 ROWCOUNT=0
[OK 349/1085] INSERT Revisao Master Deploy/16_Aplicar_Higienizacao_TSICFG.sql:816 ROWCOUNT=0
[OK 350/1085] INSERT Revisao Master Deploy/16_Aplicar_Higienizacao_TSICFG.sql:817 ROWCOUNT=0
[OK 351/1085] INSERT Revisao Master Deploy/16_Aplicar_Higienizacao_TSICFG.sql:818 ROWCOUNT=0
[OK 352/1085] INSERT Revisao Master Deploy/16_Aplicar_Higienizacao_TSICFG.sql:819 ROWCOUNT=0
[OK 353/1085] INSERT Revisao Master Deploy/16_Aplicar_Higienizacao_TSICFG.sql:820 ROWCOUNT=0
[OK 354/1085] INSERT Revisao Master Deploy/16_Aplicar_Higienizacao_TSICFG.sql:821 ROWCOUNT=0
[OK 355/1085] INSERT Revisao Master Deploy/16_Aplicar_Higienizacao_TSICFG.sql:822 ROWCOUNT=0
[OK 356/1085] INSERT Revisao Master Deploy/16_Aplicar_Higienizacao_TSICFG.sql:823 ROWCOUNT=0
[OK 357/1085] INSERT Revisao Master Deploy/16_Aplicar_Higienizacao_TSICFG.sql:824 ROWCOUNT=0
[OK 358/1085] INSERT Revisao Master Deploy/16_Aplicar_Higienizacao_TSICFG.sql:825 ROWCOUNT=0
[OK 359/1085] INSERT Revisao Master Deploy/16_Aplicar_Higienizacao_TSICFG.sql:826 ROWCOUNT=0
[OK 360/1085] INSERT Revisao Master Deploy/16_Aplicar_Higienizacao_TSICFG.sql:827 ROWCOUNT=0
[OK 361/1085] INSERT Revisao Master Deploy/16_Aplicar_Higienizacao_TSICFG.sql:828 ROWCOUNT=0
[OK 362/1085] INSERT Revisao Master Deploy/16_Aplicar_Higienizacao_TSICFG.sql:829 ROWCOUNT=0
[OK 363/1085] INSERT Revisao Master Deploy/16_Aplicar_Higienizacao_TSICFG.sql:830 ROWCOUNT=0
[OK 364/1085] INSERT Revisao Master Deploy/16_Aplicar_Higienizacao_TSICFG.sql:831 ROWCOUNT=0
[OK 365/1085] INSERT Revisao Master Deploy/16_Aplicar_Higienizacao_TSICFG.sql:832 ROWCOUNT=0
[OK 366/1085] INSERT Revisao Master Deploy/16_Aplicar_Higienizacao_TSICFG.sql:833 ROWCOUNT=0
[OK 367/1085] INSERT Revisao Master Deploy/16_Aplicar_Higienizacao_TSICFG.sql:834 ROWCOUNT=0
[OK 368/1085] INSERT Revisao Master Deploy/16_Aplicar_Higienizacao_TSICFG.sql:835 ROWCOUNT=0
[OK 369/1085] INSERT Revisao Master Deploy/16_Aplicar_Higienizacao_TSICFG.sql:836 ROWCOUNT=0
[OK 370/1085] INSERT Revisao Master Deploy/16_Aplicar_Higienizacao_TSICFG.sql:837 ROWCOUNT=0
[OK 371/1085] INSERT Revisao Master Deploy/16_Aplicar_Higienizacao_TSICFG.sql:838 ROWCOUNT=0
[OK 372/1085] INSERT Revisao Master Deploy/16_Aplicar_Higienizacao_TSICFG.sql:839 ROWCOUNT=0
[OK 373/1085] INSERT Revisao Master Deploy/16_Aplicar_Higienizacao_TSICFG.sql:840 ROWCOUNT=0
[OK 374/1085] INSERT Revisao Master Deploy/16_Aplicar_Higienizacao_TSICFG.sql:841 ROWCOUNT=0
[OK 375/1085] INSERT Revisao Master Deploy/16_Aplicar_Higienizacao_TSICFG.sql:842 ROWCOUNT=0
[OK 376/1085] INSERT Revisao Master Deploy/16_Aplicar_Higienizacao_TSICFG.sql:843 ROWCOUNT=0
[OK 377/1085] INSERT Revisao Master Deploy/16_Aplicar_Higienizacao_TSICFG.sql:844 ROWCOUNT=0
[OK 378/1085] INSERT Revisao Master Deploy/16_Aplicar_Higienizacao_TSICFG.sql:845 ROWCOUNT=0
[OK 379/1085] INSERT Revisao Master Deploy/16_Aplicar_Higienizacao_TSICFG.sql:846 ROWCOUNT=0
[OK 380/1085] INSERT Revisao Master Deploy/16_Aplicar_Higienizacao_TSICFG.sql:847 ROWCOUNT=0
[OK 381/1085] INSERT Revisao Master Deploy/16_Aplicar_Higienizacao_TSICFG.sql:848 ROWCOUNT=0
[OK 382/1085] INSERT Revisao Master Deploy/16_Aplicar_Higienizacao_TSICFG.sql:849 ROWCOUNT=0
[OK 383/1085] INSERT Revisao Master Deploy/16_Aplicar_Higienizacao_TSICFG.sql:851 ROWCOUNT=0
[OK 384/1085] INSERT Revisao Master Deploy/16_Aplicar_Higienizacao_TSICFG.sql:859 ROWCOUNT=0
[OK 385/1085] INSERT Revisao Master Deploy/16_Aplicar_Higienizacao_TSICFG.sql:860 ROWCOUNT=0
[OK 386/1085] INSERT Revisao Master Deploy/16_Aplicar_Higienizacao_TSICFG.sql:862 ROWCOUNT=0
[OK 387/1085] INSERT Revisao Master Deploy/16_Aplicar_Higienizacao_TSICFG.sql:863 ROWCOUNT=0
[OK 388/1085] INSERT Revisao Master Deploy/16_Aplicar_Higienizacao_TSICFG.sql:864 ROWCOUNT=0
[OK 389/1085] INSERT Revisao Master Deploy/16_Aplicar_Higienizacao_TSICFG.sql:865 ROWCOUNT=0
[OK 390/1085] INSERT Revisao Master Deploy/16_Aplicar_Higienizacao_TSICFG.sql:873 ROWCOUNT=0
[OK 391/1085] INSERT Revisao Master Deploy/16_Aplicar_Higienizacao_TSICFG.sql:874 ROWCOUNT=0
[OK 392/1085] INSERT Revisao Master Deploy/16_Aplicar_Higienizacao_TSICFG.sql:875 ROWCOUNT=0
[OK 393/1085] INSERT Revisao Master Deploy/16_Aplicar_Higienizacao_TSICFG.sql:878 ROWCOUNT=0
[OK 394/1085] INSERT Revisao Master Deploy/16_Aplicar_Higienizacao_TSICFG.sql:879 ROWCOUNT=0
[OK 395/1085] INSERT Revisao Master Deploy/16_Aplicar_Higienizacao_TSICFG.sql:893 ROWCOUNT=0
[OK 396/1085] INSERT Revisao Master Deploy/16_Aplicar_Higienizacao_TSICFG.sql:927 ROWCOUNT=0
[OK 397/1085] INSERT Revisao Master Deploy/16_Aplicar_Higienizacao_TSICFG.sql:928 ROWCOUNT=0
[OK 398/1085] INSERT Revisao Master Deploy/16_Aplicar_Higienizacao_TSICFG.sql:929 ROWCOUNT=0
[OK 399/1085] INSERT Revisao Master Deploy/16_Aplicar_Higienizacao_TSICFG.sql:937 ROWCOUNT=0
[OK 400/1085] INSERT Revisao Master Deploy/16_Aplicar_Higienizacao_TSICFG.sql:940 ROWCOUNT=0
[OK 401/1085] INSERT Revisao Master Deploy/16_Aplicar_Higienizacao_TSICFG.sql:949 ROWCOUNT=0
[OK 402/1085] INSERT Revisao Master Deploy/16_Aplicar_Higienizacao_TSICFG.sql:968 ROWCOUNT=0
[OK 403/1085] INSERT Revisao Master Deploy/16_Aplicar_Higienizacao_TSICFG.sql:969 ROWCOUNT=0
[OK 404/1085] INSERT Revisao Master Deploy/16_Aplicar_Higienizacao_TSICFG.sql:971 ROWCOUNT=0
[OK 405/1085] INSERT Revisao Master Deploy/16_Aplicar_Higienizacao_TSICFG.sql:972 ROWCOUNT=0
[OK 406/1085] INSERT Revisao Master Deploy/16_Aplicar_Higienizacao_TSICFG.sql:974 ROWCOUNT=0
[OK 407/1085] INSERT Revisao Master Deploy/16_Aplicar_Higienizacao_TSICFG.sql:975 ROWCOUNT=0
[OK 408/1085] INSERT Revisao Master Deploy/16_Aplicar_Higienizacao_TSICFG.sql:983 ROWCOUNT=0
[OK 409/1085] INSERT Revisao Master Deploy/16_Aplicar_Higienizacao_TSICFG.sql:984 ROWCOUNT=0
[OK 410/1085] INSERT Revisao Master Deploy/16_Aplicar_Higienizacao_TSICFG.sql:985 ROWCOUNT=0
[OK 411/1085] INSERT Revisao Master Deploy/16_Aplicar_Higienizacao_TSICFG.sql:994 ROWCOUNT=0
[OK 412/1085] INSERT Revisao Master Deploy/16_Aplicar_Higienizacao_TSICFG.sql:995 ROWCOUNT=0
[OK 413/1085] INSERT Revisao Master Deploy/16_Aplicar_Higienizacao_TSICFG.sql:998 ROWCOUNT=0
[OK 414/1085] INSERT Revisao Master Deploy/16_Aplicar_Higienizacao_TSICFG.sql:999 ROWCOUNT=0
[OK 415/1085] INSERT Revisao Master Deploy/16_Aplicar_Higienizacao_TSICFG.sql:1000 ROWCOUNT=0
[OK 416/1085] INSERT Revisao Master Deploy/16_Aplicar_Higienizacao_TSICFG.sql:1001 ROWCOUNT=0
[OK 417/1085] INSERT Revisao Master Deploy/16_Aplicar_Higienizacao_TSICFG.sql:1002 ROWCOUNT=0
[OK 418/1085] INSERT Revisao Master Deploy/16_Aplicar_Higienizacao_TSICFG.sql:1003 ROWCOUNT=0
[OK 419/1085] INSERT Revisao Master Deploy/16_Aplicar_Higienizacao_TSICFG.sql:1006 ROWCOUNT=0
[OK 420/1085] INSERT Revisao Master Deploy/16_Aplicar_Higienizacao_TSICFG.sql:1007 ROWCOUNT=0
[OK 421/1085] INSERT Revisao Master Deploy/16_Aplicar_Higienizacao_TSICFG.sql:1008 ROWCOUNT=0
[OK 422/1085] INSERT Revisao Master Deploy/16_Aplicar_Higienizacao_TSICFG.sql:1009 ROWCOUNT=0
[OK 423/1085] INSERT Revisao Master Deploy/16_Aplicar_Higienizacao_TSICFG.sql:1010 ROWCOUNT=0
[OK 424/1085] INSERT Revisao Master Deploy/16_Aplicar_Higienizacao_TSICFG.sql:1011 ROWCOUNT=0
[OK 425/1085] INSERT Revisao Master Deploy/16_Aplicar_Higienizacao_TSICFG.sql:1012 ROWCOUNT=0
[OK 426/1085] INSERT Revisao Master Deploy/16_Aplicar_Higienizacao_TSICFG.sql:1019 ROWCOUNT=0
[OK 427/1085] INSERT Revisao Master Deploy/16_Aplicar_Higienizacao_TSICFG.sql:1026 ROWCOUNT=0
[OK 428/1085] INSERT Revisao Master Deploy/16_Aplicar_Higienizacao_TSICFG.sql:1028 ROWCOUNT=0
[OK 429/1085] INSERT Revisao Master Deploy/16_Aplicar_Higienizacao_TSICFG.sql:1035 ROWCOUNT=0
[OK 430/1085] INSERT Revisao Master Deploy/16_Aplicar_Higienizacao_TSICFG.sql:1042 ROWCOUNT=0
[OK 431/1085] INSERT Revisao Master Deploy/16_Aplicar_Higienizacao_TSICFG.sql:1043 ROWCOUNT=0
[OK 432/1085] INSERT Revisao Master Deploy/16_Aplicar_Higienizacao_TSICFG.sql:1048 ROWCOUNT=0
[OK 433/1085] INSERT Revisao Master Deploy/16_Aplicar_Higienizacao_TSICFG.sql:1053 ROWCOUNT=0
[OK 434/1085] INSERT Revisao Master Deploy/16_Aplicar_Higienizacao_TSICFG.sql:1059 ROWCOUNT=0
[OK 435/1085] INSERT Revisao Master Deploy/16_Aplicar_Higienizacao_TSICFG.sql:1063 ROWCOUNT=0
[OK 436/1085] INSERT Revisao Master Deploy/16_Aplicar_Higienizacao_TSICFG.sql:1064 ROWCOUNT=0
[OK 437/1085] INSERT Revisao Master Deploy/16_Aplicar_Higienizacao_TSICFG.sql:1072 ROWCOUNT=0
[OK 438/1085] INSERT Revisao Master Deploy/16_Aplicar_Higienizacao_TSICFG.sql:1074 ROWCOUNT=0
[OK 439/1085] INSERT Revisao Master Deploy/16_Aplicar_Higienizacao_TSICFG.sql:1075 ROWCOUNT=0
[OK 440/1085] INSERT Revisao Master Deploy/16_Aplicar_Higienizacao_TSICFG.sql:1076 ROWCOUNT=0
[OK 441/1085] INSERT Revisao Master Deploy/16_Aplicar_Higienizacao_TSICFG.sql:1077 ROWCOUNT=0
[OK 442/1085] INSERT Revisao Master Deploy/16_Aplicar_Higienizacao_TSICFG.sql:1080 ROWCOUNT=0
[OK 443/1085] INSERT Revisao Master Deploy/16_Aplicar_Higienizacao_TSICFG.sql:1081 ROWCOUNT=0
[OK 444/1085] INSERT Revisao Master Deploy/16_Aplicar_Higienizacao_TSICFG.sql:1082 ROWCOUNT=0
[OK 445/1085] INSERT Revisao Master Deploy/16_Aplicar_Higienizacao_TSICFG.sql:1086 ROWCOUNT=0
[OK 446/1085] INSERT Revisao Master Deploy/16_Aplicar_Higienizacao_TSICFG.sql:1091 ROWCOUNT=0
[OK 447/1085] INSERT Revisao Master Deploy/16_Aplicar_Higienizacao_TSICFG.sql:1092 ROWCOUNT=0
[OK 448/1085] INSERT Revisao Master Deploy/16_Aplicar_Higienizacao_TSICFG.sql:1099 ROWCOUNT=0
[OK 449/1085] INSERT Revisao Master Deploy/16_Aplicar_Higienizacao_TSICFG.sql:1100 ROWCOUNT=0
[OK 450/1085] INSERT Revisao Master Deploy/16_Aplicar_Higienizacao_TSICFG.sql:1108 ROWCOUNT=0
[OK 451/1085] INSERT Revisao Master Deploy/16_Aplicar_Higienizacao_TSICFG.sql:1110 ROWCOUNT=0
[OK 452/1085] INSERT Revisao Master Deploy/16_Aplicar_Higienizacao_TSICFG.sql:1112 ROWCOUNT=0
[OK 453/1085] INSERT Revisao Master Deploy/16_Aplicar_Higienizacao_TSICFG.sql:1114 ROWCOUNT=0
[OK 454/1085] INSERT Revisao Master Deploy/16_Aplicar_Higienizacao_TSICFG.sql:1115 ROWCOUNT=0
[OK 455/1085] INSERT Revisao Master Deploy/16_Aplicar_Higienizacao_TSICFG.sql:1118 ROWCOUNT=0
[OK 456/1085] INSERT Revisao Master Deploy/16_Aplicar_Higienizacao_TSICFG.sql:1120 ROWCOUNT=0
[OK 457/1085] INSERT Revisao Master Deploy/16_Aplicar_Higienizacao_TSICFG.sql:1123 ROWCOUNT=0
[OK 458/1085] INSERT Revisao Master Deploy/16_Aplicar_Higienizacao_TSICFG.sql:1125 ROWCOUNT=0
[OK 459/1085] INSERT Revisao Master Deploy/16_Aplicar_Higienizacao_TSICFG.sql:1126 ROWCOUNT=0
[OK 460/1085] INSERT Revisao Master Deploy/16_Aplicar_Higienizacao_TSICFG.sql:1127 ROWCOUNT=0
[OK 461/1085] INSERT Revisao Master Deploy/16_Aplicar_Higienizacao_TSICFG.sql:1136 ROWCOUNT=0
[OK 462/1085] INSERT Revisao Master Deploy/16_Aplicar_Higienizacao_TSICFG.sql:1144 ROWCOUNT=0
[OK 463/1085] INSERT Revisao Master Deploy/16_Aplicar_Higienizacao_TSICFG.sql:1145 ROWCOUNT=0
[OK 464/1085] INSERT Revisao Master Deploy/16_Aplicar_Higienizacao_TSICFG.sql:1153 ROWCOUNT=0
[OK 465/1085] INSERT Revisao Master Deploy/16_Aplicar_Higienizacao_TSICFG.sql:1154 ROWCOUNT=0
[OK 466/1085] INSERT Revisao Master Deploy/16_Aplicar_Higienizacao_TSICFG.sql:1155 ROWCOUNT=0
[OK 467/1085] INSERT Revisao Master Deploy/16_Aplicar_Higienizacao_TSICFG.sql:1164 ROWCOUNT=0
[OK 468/1085] INSERT Revisao Master Deploy/16_Aplicar_Higienizacao_TSICFG.sql:1165 ROWCOUNT=0
[OK 469/1085] INSERT Revisao Master Deploy/16_Aplicar_Higienizacao_TSICFG.sql:1172 ROWCOUNT=0
[OK 470/1085] INSERT Revisao Master Deploy/16_Aplicar_Higienizacao_TSICFG.sql:1179 ROWCOUNT=0
[OK 471/1085] INSERT Revisao Master Deploy/16_Aplicar_Higienizacao_TSICFG.sql:1180 ROWCOUNT=0
[OK 472/1085] INSERT Revisao Master Deploy/16_Aplicar_Higienizacao_TSICFG.sql:1181 ROWCOUNT=0
[OK 473/1085] INSERT Revisao Master Deploy/16_Aplicar_Higienizacao_TSICFG.sql:1182 ROWCOUNT=0
[OK 474/1085] INSERT Revisao Master Deploy/16_Aplicar_Higienizacao_TSICFG.sql:1183 ROWCOUNT=0
[OK 475/1085] INSERT Revisao Master Deploy/16_Aplicar_Higienizacao_TSICFG.sql:1203 ROWCOUNT=0
[OK 476/1085] INSERT Revisao Master Deploy/16_Aplicar_Higienizacao_TSICFG.sql:1204 ROWCOUNT=0
[OK 477/1085] INSERT Revisao Master Deploy/16_Aplicar_Higienizacao_TSICFG.sql:1211 ROWCOUNT=0
[OK 478/1085] INSERT Revisao Master Deploy/16_Aplicar_Higienizacao_TSICFG.sql:1218 ROWCOUNT=0
[OK 479/1085] INSERT Revisao Master Deploy/16_Aplicar_Higienizacao_TSICFG.sql:1219 ROWCOUNT=0
[OK 480/1085] INSERT Revisao Master Deploy/16_Aplicar_Higienizacao_TSICFG.sql:1220 ROWCOUNT=0
[OK 481/1085] INSERT Revisao Master Deploy/16_Aplicar_Higienizacao_TSICFG.sql:1221 ROWCOUNT=0
[OK 482/1085] INSERT Revisao Master Deploy/16_Aplicar_Higienizacao_TSICFG.sql:1222 ROWCOUNT=0
[OK 483/1085] INSERT Revisao Master Deploy/16_Aplicar_Higienizacao_TSICFG.sql:1223 ROWCOUNT=0
[OK 484/1085] INSERT Revisao Master Deploy/16_Aplicar_Higienizacao_TSICFG.sql:1230 ROWCOUNT=0
[OK 485/1085] INSERT Revisao Master Deploy/16_Aplicar_Higienizacao_TSICFG.sql:1237 ROWCOUNT=0
[OK 486/1085] INSERT Revisao Master Deploy/16_Aplicar_Higienizacao_TSICFG.sql:1240 ROWCOUNT=0
[OK 487/1085] INSERT Revisao Master Deploy/16_Aplicar_Higienizacao_TSICFG.sql:1247 ROWCOUNT=0
[OK 488/1085] INSERT Revisao Master Deploy/16_Aplicar_Higienizacao_TSICFG.sql:1254 ROWCOUNT=0
[OK 489/1085] INSERT Revisao Master Deploy/16_Aplicar_Higienizacao_TSICFG.sql:1256 ROWCOUNT=0
[OK 490/1085] INSERT Revisao Master Deploy/16_Aplicar_Higienizacao_TSICFG.sql:1257 ROWCOUNT=0
[OK 491/1085] INSERT Revisao Master Deploy/16_Aplicar_Higienizacao_TSICFG.sql:1258 ROWCOUNT=0
[OK 492/1085] INSERT Revisao Master Deploy/16_Aplicar_Higienizacao_TSICFG.sql:1265 ROWCOUNT=0
[OK 493/1085] INSERT Revisao Master Deploy/16_Aplicar_Higienizacao_TSICFG.sql:1272 ROWCOUNT=0
[OK 494/1085] INSERT Revisao Master Deploy/16_Aplicar_Higienizacao_TSICFG.sql:1273 ROWCOUNT=0
[OK 495/1085] INSERT Revisao Master Deploy/16_Aplicar_Higienizacao_TSICFG.sql:1275 ROWCOUNT=0
[OK 496/1085] INSERT Revisao Master Deploy/16_Aplicar_Higienizacao_TSICFG.sql:1276 ROWCOUNT=0
[OK 497/1085] INSERT Revisao Master Deploy/16_Aplicar_Higienizacao_TSICFG.sql:1279 ROWCOUNT=0
[OK 498/1085] INSERT Revisao Master Deploy/16_Aplicar_Higienizacao_TSICFG.sql:1280 ROWCOUNT=0
[OK 499/1085] INSERT Revisao Master Deploy/16_Aplicar_Higienizacao_TSICFG.sql:1300 ROWCOUNT=0
[OK 500/1085] INSERT Revisao Master Deploy/16_Aplicar_Higienizacao_TSICFG.sql:1301 ROWCOUNT=0
[OK 501/1085] INSERT Revisao Master Deploy/16_Aplicar_Higienizacao_TSICFG.sql:1302 ROWCOUNT=0
[OK 502/1085] INSERT Revisao Master Deploy/16_Aplicar_Higienizacao_TSICFG.sql:1304 ROWCOUNT=0
[OK 503/1085] INSERT Revisao Master Deploy/16_Aplicar_Higienizacao_TSICFG.sql:1306 ROWCOUNT=0
[OK 504/1085] INSERT Revisao Master Deploy/16_Aplicar_Higienizacao_TSICFG.sql:1307 ROWCOUNT=0
[OK 505/1085] INSERT Revisao Master Deploy/16_Aplicar_Higienizacao_TSICFG.sql:1310 ROWCOUNT=0
[OK 506/1085] INSERT Revisao Master Deploy/16_Aplicar_Higienizacao_TSICFG.sql:1332 ROWCOUNT=0
[OK 507/1085] INSERT Revisao Master Deploy/16_Aplicar_Higienizacao_TSICFG.sql:1333 ROWCOUNT=0
[OK 508/1085] INSERT Revisao Master Deploy/16_Aplicar_Higienizacao_TSICFG.sql:1334 ROWCOUNT=0
[OK 509/1085] INSERT Revisao Master Deploy/16_Aplicar_Higienizacao_TSICFG.sql:1389 ROWCOUNT=0
[OK 510/1085] INSERT Revisao Master Deploy/16_Aplicar_Higienizacao_TSICFG.sql:1399 ROWCOUNT=0
[OK 511/1085] INSERT Revisao Master Deploy/16_Aplicar_Higienizacao_TSICFG.sql:1400 ROWCOUNT=0
[OK 512/1085] INSERT Revisao Master Deploy/16_Aplicar_Higienizacao_TSICFG.sql:1427 ROWCOUNT=0
[OK 513/1085] INSERT Revisao Master Deploy/16_Aplicar_Higienizacao_TSICFG.sql:1429 ROWCOUNT=0
[OK 514/1085] INSERT Revisao Master Deploy/16_Aplicar_Higienizacao_TSICFG.sql:1441 ROWCOUNT=0
[OK 515/1085] INSERT Revisao Master Deploy/16_Aplicar_Higienizacao_TSICFG.sql:1443 ROWCOUNT=0
[OK 516/1085] INSERT Revisao Master Deploy/16_Aplicar_Higienizacao_TSICFG.sql:1444 ROWCOUNT=0
[OK 517/1085] INSERT Revisao Master Deploy/16_Aplicar_Higienizacao_TSICFG.sql:1445 ROWCOUNT=0
[OK 518/1085] INSERT Revisao Master Deploy/16_Aplicar_Higienizacao_TSICFG.sql:1446 ROWCOUNT=0
[OK 519/1085] INSERT Revisao Master Deploy/16_Aplicar_Higienizacao_TSICFG.sql:1447 ROWCOUNT=0
[OK 520/1085] INSERT Revisao Master Deploy/16_Aplicar_Higienizacao_TSICFG.sql:1448 ROWCOUNT=0
[OK 521/1085] INSERT Revisao Master Deploy/16_Aplicar_Higienizacao_TSICFG.sql:1449 ROWCOUNT=0
[OK 522/1085] INSERT Revisao Master Deploy/16_Aplicar_Higienizacao_TSICFG.sql:1455 ROWCOUNT=0
[OK 523/1085] INSERT Revisao Master Deploy/16_Aplicar_Higienizacao_TSICFG.sql:1457 ROWCOUNT=0
[OK 524/1085] INSERT Revisao Master Deploy/16_Aplicar_Higienizacao_TSICFG.sql:1459 ROWCOUNT=0
[OK 525/1085] INSERT Revisao Master Deploy/16_Aplicar_Higienizacao_TSICFG.sql:1460 ROWCOUNT=0
[OK 526/1085] INSERT Revisao Master Deploy/16_Aplicar_Higienizacao_TSICFG.sql:1483 ROWCOUNT=0
[OK 527/1085] INSERT Revisao Master Deploy/16_Aplicar_Higienizacao_TSICFG.sql:1485 ROWCOUNT=0
[OK 528/1085] INSERT Revisao Master Deploy/16_Aplicar_Higienizacao_TSICFG.sql:1487 ROWCOUNT=0
[OK 529/1085] INSERT Revisao Master Deploy/16_Aplicar_Higienizacao_TSICFG.sql:1488 ROWCOUNT=0
[OK 530/1085] INSERT Revisao Master Deploy/16_Aplicar_Higienizacao_TSICFG.sql:1489 ROWCOUNT=0
[OK 531/1085] INSERT Revisao Master Deploy/16_Aplicar_Higienizacao_TSICFG.sql:1493 ROWCOUNT=0
[OK 532/1085] INSERT Revisao Master Deploy/16_Aplicar_Higienizacao_TSICFG.sql:1494 ROWCOUNT=0
[OK 533/1085] INSERT Revisao Master Deploy/16_Aplicar_Higienizacao_TSICFG.sql:1537 ROWCOUNT=0
[OK 534/1085] INSERT Revisao Master Deploy/16_Aplicar_Higienizacao_TSICFG.sql:1561 ROWCOUNT=0
[OK 535/1085] INSERT Revisao Master Deploy/16_Aplicar_Higienizacao_TSICFG.sql:1585 ROWCOUNT=0
[OK 536/1085] INSERT Revisao Master Deploy/16_Aplicar_Higienizacao_TSICFG.sql:1586 ROWCOUNT=0
[OK 537/1085] INSERT Revisao Master Deploy/16_Aplicar_Higienizacao_TSICFG.sql:1587 ROWCOUNT=0
[OK 538/1085] INSERT Revisao Master Deploy/16_Aplicar_Higienizacao_TSICFG.sql:1588 ROWCOUNT=0
[OK 539/1085] INSERT Revisao Master Deploy/16_Aplicar_Higienizacao_TSICFG.sql:1589 ROWCOUNT=0
[OK 540/1085] INSERT Revisao Master Deploy/16_Aplicar_Higienizacao_TSICFG.sql:1590 ROWCOUNT=0
[OK 541/1085] INSERT Revisao Master Deploy/16_Aplicar_Higienizacao_TSICFG.sql:1591 ROWCOUNT=0
[OK 542/1085] INSERT Revisao Master Deploy/16_Aplicar_Higienizacao_TSICFG.sql:1592 ROWCOUNT=0
[OK 543/1085] INSERT Revisao Master Deploy/16_Aplicar_Higienizacao_TSICFG.sql:1594 ROWCOUNT=0
[OK 544/1085] INSERT Revisao Master Deploy/16_Aplicar_Higienizacao_TSICFG.sql:1596 ROWCOUNT=0
[OK 545/1085] INSERT Revisao Master Deploy/16_Aplicar_Higienizacao_TSICFG.sql:1597 ROWCOUNT=0
[OK 546/1085] INSERT Revisao Master Deploy/16_Aplicar_Higienizacao_TSICFG.sql:1598 ROWCOUNT=0
[OK 547/1085] INSERT Revisao Master Deploy/16_Aplicar_Higienizacao_TSICFG.sql:1599 ROWCOUNT=0
[OK 548/1085] INSERT Revisao Master Deploy/16_Aplicar_Higienizacao_TSICFG.sql:1600 ROWCOUNT=0
[OK 549/1085] INSERT Revisao Master Deploy/16_Aplicar_Higienizacao_TSICFG.sql:1601 ROWCOUNT=0
[OK 550/1085] INSERT Revisao Master Deploy/16_Aplicar_Higienizacao_TSICFG.sql:1602 ROWCOUNT=0
[OK 551/1085] INSERT Revisao Master Deploy/16_Aplicar_Higienizacao_TSICFG.sql:1604 ROWCOUNT=0
[OK 552/1085] INSERT Revisao Master Deploy/16_Aplicar_Higienizacao_TSICFG.sql:1608 ROWCOUNT=0
[OK 553/1085] INSERT Revisao Master Deploy/16_Aplicar_Higienizacao_TSICFG.sql:1610 ROWCOUNT=0
[OK 554/1085] INSERT Revisao Master Deploy/16_Aplicar_Higienizacao_TSICFG.sql:1611 ROWCOUNT=0
[OK 555/1085] INSERT Revisao Master Deploy/16_Aplicar_Higienizacao_TSICFG.sql:1615 ROWCOUNT=0
[OK 556/1085] INSERT Revisao Master Deploy/16_Aplicar_Higienizacao_TSICFG.sql:1638 ROWCOUNT=0
[OK 557/1085] INSERT Revisao Master Deploy/16_Aplicar_Higienizacao_TSICFG.sql:1641 ROWCOUNT=0
[OK 558/1085] INSERT Revisao Master Deploy/16_Aplicar_Higienizacao_TSICFG.sql:1642 ROWCOUNT=0
[OK 559/1085] INSERT Revisao Master Deploy/16_Aplicar_Higienizacao_TSICFG.sql:1644 ROWCOUNT=0
[OK 560/1085] INSERT Revisao Master Deploy/16_Aplicar_Higienizacao_TSICFG.sql:1645 ROWCOUNT=0
[OK 561/1085] INSERT Revisao Master Deploy/16_Aplicar_Higienizacao_TSICFG.sql:1647 ROWCOUNT=0
[OK 562/1085] INSERT Revisao Master Deploy/16_Aplicar_Higienizacao_TSICFG.sql:1648 ROWCOUNT=0
[OK 563/1085] INSERT Revisao Master Deploy/16_Aplicar_Higienizacao_TSICFG.sql:1649 ROWCOUNT=0
[OK 564/1085] INSERT Revisao Master Deploy/16_Aplicar_Higienizacao_TSICFG.sql:1651 ROWCOUNT=0
[OK 565/1085] INSERT Revisao Master Deploy/16_Aplicar_Higienizacao_TSICFG.sql:1652 ROWCOUNT=0
[OK 566/1085] INSERT Revisao Master Deploy/16_Aplicar_Higienizacao_TSICFG.sql:1654 ROWCOUNT=0
[OK 567/1085] INSERT Revisao Master Deploy/16_Aplicar_Higienizacao_TSICFG.sql:1655 ROWCOUNT=0
[OK 568/1085] INSERT Revisao Master Deploy/16_Aplicar_Higienizacao_TSICFG.sql:1656 ROWCOUNT=0
[OK 569/1085] INSERT Revisao Master Deploy/16_Aplicar_Higienizacao_TSICFG.sql:1657 ROWCOUNT=0
[OK 570/1085] INSERT Revisao Master Deploy/16_Aplicar_Higienizacao_TSICFG.sql:1658 ROWCOUNT=0
[OK 571/1085] INSERT Revisao Master Deploy/16_Aplicar_Higienizacao_TSICFG.sql:1659 ROWCOUNT=0
[OK 572/1085] INSERT Revisao Master Deploy/16_Aplicar_Higienizacao_TSICFG.sql:1660 ROWCOUNT=0
[OK 573/1085] INSERT Revisao Master Deploy/16_Aplicar_Higienizacao_TSICFG.sql:1661 ROWCOUNT=0
[OK 574/1085] INSERT Revisao Master Deploy/16_Aplicar_Higienizacao_TSICFG.sql:1662 ROWCOUNT=0
[OK 575/1085] INSERT Revisao Master Deploy/16_Aplicar_Higienizacao_TSICFG.sql:1663 ROWCOUNT=0
[OK 576/1085] INSERT Revisao Master Deploy/16_Aplicar_Higienizacao_TSICFG.sql:1664 ROWCOUNT=0
[OK 577/1085] INSERT Revisao Master Deploy/16_Aplicar_Higienizacao_TSICFG.sql:1665 ROWCOUNT=0
[OK 578/1085] INSERT Revisao Master Deploy/16_Aplicar_Higienizacao_TSICFG.sql:1666 ROWCOUNT=0
[OK 579/1085] INSERT Revisao Master Deploy/16_Aplicar_Higienizacao_TSICFG.sql:1667 ROWCOUNT=0
[OK 580/1085] INSERT Revisao Master Deploy/16_Aplicar_Higienizacao_TSICFG.sql:1668 ROWCOUNT=0
[OK 581/1085] INSERT Revisao Master Deploy/16_Aplicar_Higienizacao_TSICFG.sql:1669 ROWCOUNT=0
[OK 582/1085] INSERT Revisao Master Deploy/16_Aplicar_Higienizacao_TSICFG.sql:1670 ROWCOUNT=0
[OK 583/1085] INSERT Revisao Master Deploy/16_Aplicar_Higienizacao_TSICFG.sql:1672 ROWCOUNT=0
[OK 584/1085] INSERT Revisao Master Deploy/16_Aplicar_Higienizacao_TSICFG.sql:1673 ROWCOUNT=0
[OK 585/1085] INSERT Revisao Master Deploy/16_Aplicar_Higienizacao_TSICFG.sql:1676 ROWCOUNT=0
[OK 586/1085] INSERT Revisao Master Deploy/16_Aplicar_Higienizacao_TSICFG.sql:1677 ROWCOUNT=0
[OK 587/1085] INSERT Revisao Master Deploy/16_Aplicar_Higienizacao_TSICFG.sql:1678 ROWCOUNT=0
[OK 588/1085] INSERT Revisao Master Deploy/16_Aplicar_Higienizacao_TSICFG.sql:1679 ROWCOUNT=0
[OK 589/1085] INSERT Revisao Master Deploy/16_Aplicar_Higienizacao_TSICFG.sql:1680 ROWCOUNT=0
[OK 590/1085] INSERT Revisao Master Deploy/16_Aplicar_Higienizacao_TSICFG.sql:1681 ROWCOUNT=0
[OK 591/1085] INSERT Revisao Master Deploy/16_Aplicar_Higienizacao_TSICFG.sql:1685 ROWCOUNT=0
[OK 592/1085] INSERT Revisao Master Deploy/16_Aplicar_Higienizacao_TSICFG.sql:1686 ROWCOUNT=0
[OK 593/1085] INSERT Revisao Master Deploy/16_Aplicar_Higienizacao_TSICFG.sql:1687 ROWCOUNT=0
[OK 594/1085] INSERT Revisao Master Deploy/16_Aplicar_Higienizacao_TSICFG.sql:1688 ROWCOUNT=0
[OK 595/1085] INSERT Revisao Master Deploy/16_Aplicar_Higienizacao_TSICFG.sql:1689 ROWCOUNT=0
[OK 596/1085] INSERT Revisao Master Deploy/16_Aplicar_Higienizacao_TSICFG.sql:1690 ROWCOUNT=0
[OK 597/1085] INSERT Revisao Master Deploy/16_Aplicar_Higienizacao_TSICFG.sql:1691 ROWCOUNT=0
[OK 598/1085] INSERT Revisao Master Deploy/16_Aplicar_Higienizacao_TSICFG.sql:1692 ROWCOUNT=0
[OK 599/1085] INSERT Revisao Master Deploy/16_Aplicar_Higienizacao_TSICFG.sql:1693 ROWCOUNT=0
[OK 600/1085] INSERT Revisao Master Deploy/16_Aplicar_Higienizacao_TSICFG.sql:1694 ROWCOUNT=0
[OK 601/1085] INSERT Revisao Master Deploy/16_Aplicar_Higienizacao_TSICFG.sql:1695 ROWCOUNT=0
[OK 602/1085] INSERT Revisao Master Deploy/16_Aplicar_Higienizacao_TSICFG.sql:1696 ROWCOUNT=0
[OK 603/1085] INSERT Revisao Master Deploy/16_Aplicar_Higienizacao_TSICFG.sql:1697 ROWCOUNT=0
[OK 604/1085] INSERT Revisao Master Deploy/16_Aplicar_Higienizacao_TSICFG.sql:1698 ROWCOUNT=0
[OK 605/1085] INSERT Revisao Master Deploy/16_Aplicar_Higienizacao_TSICFG.sql:1699 ROWCOUNT=0
[OK 606/1085] INSERT Revisao Master Deploy/16_Aplicar_Higienizacao_TSICFG.sql:1700 ROWCOUNT=0
[OK 607/1085] INSERT Revisao Master Deploy/16_Aplicar_Higienizacao_TSICFG.sql:1701 ROWCOUNT=0
[OK 608/1085] INSERT Revisao Master Deploy/16_Aplicar_Higienizacao_TSICFG.sql:1702 ROWCOUNT=0
[OK 609/1085] INSERT Revisao Master Deploy/16_Aplicar_Higienizacao_TSICFG.sql:1703 ROWCOUNT=0
[OK 610/1085] INSERT Revisao Master Deploy/16_Aplicar_Higienizacao_TSICFG.sql:1705 ROWCOUNT=0
[OK 611/1085] INSERT Revisao Master Deploy/16_Aplicar_Higienizacao_TSICFG.sql:1706 ROWCOUNT=0
[OK 612/1085] INSERT Revisao Master Deploy/16_Aplicar_Higienizacao_TSICFG.sql:1708 ROWCOUNT=0
[OK 613/1085] INSERT Revisao Master Deploy/16_Aplicar_Higienizacao_TSICFG.sql:1709 ROWCOUNT=0
[OK 614/1085] INSERT Revisao Master Deploy/16_Aplicar_Higienizacao_TSICFG.sql:1710 ROWCOUNT=0
[OK 615/1085] INSERT Revisao Master Deploy/16_Aplicar_Higienizacao_TSICFG.sql:1711 ROWCOUNT=0
[OK 616/1085] INSERT Revisao Master Deploy/16_Aplicar_Higienizacao_TSICFG.sql:1712 ROWCOUNT=0
[OK 617/1085] INSERT Revisao Master Deploy/16_Aplicar_Higienizacao_TSICFG.sql:1713 ROWCOUNT=0
[OK 618/1085] INSERT Revisao Master Deploy/16_Aplicar_Higienizacao_TSICFG.sql:1714 ROWCOUNT=0
[OK 619/1085] INSERT Revisao Master Deploy/16_Aplicar_Higienizacao_TSICFG.sql:1715 ROWCOUNT=0
[OK 620/1085] INSERT Revisao Master Deploy/16_Aplicar_Higienizacao_TSICFG.sql:1718 ROWCOUNT=0
[OK 621/1085] INSERT Revisao Master Deploy/16_Aplicar_Higienizacao_TSICFG.sql:1719 ROWCOUNT=0
[OK 622/1085] INSERT Revisao Master Deploy/16_Aplicar_Higienizacao_TSICFG.sql:1720 ROWCOUNT=0
[OK 623/1085] INSERT Revisao Master Deploy/16_Aplicar_Higienizacao_TSICFG.sql:1721 ROWCOUNT=0
[OK 624/1085] INSERT Revisao Master Deploy/16_Aplicar_Higienizacao_TSICFG.sql:1722 ROWCOUNT=0
[OK 625/1085] INSERT Revisao Master Deploy/16_Aplicar_Higienizacao_TSICFG.sql:1723 ROWCOUNT=0
[OK 626/1085] INSERT Revisao Master Deploy/16_Aplicar_Higienizacao_TSICFG.sql:1724 ROWCOUNT=0
[OK 627/1085] INSERT Revisao Master Deploy/16_Aplicar_Higienizacao_TSICFG.sql:1725 ROWCOUNT=0
[OK 628/1085] INSERT Revisao Master Deploy/16_Aplicar_Higienizacao_TSICFG.sql:1726 ROWCOUNT=0
[OK 629/1085] INSERT Revisao Master Deploy/16_Aplicar_Higienizacao_TSICFG.sql:1727 ROWCOUNT=0
[OK 630/1085] INSERT Revisao Master Deploy/16_Aplicar_Higienizacao_TSICFG.sql:1728 ROWCOUNT=0
[OK 631/1085] INSERT Revisao Master Deploy/16_Aplicar_Higienizacao_TSICFG.sql:1729 ROWCOUNT=0
[OK 632/1085] INSERT Revisao Master Deploy/16_Aplicar_Higienizacao_TSICFG.sql:1730 ROWCOUNT=0
[OK 633/1085] INSERT Revisao Master Deploy/16_Aplicar_Higienizacao_TSICFG.sql:1731 ROWCOUNT=0
[OK 634/1085] INSERT Revisao Master Deploy/16_Aplicar_Higienizacao_TSICFG.sql:1732 ROWCOUNT=0
[OK 635/1085] INSERT Revisao Master Deploy/16_Aplicar_Higienizacao_TSICFG.sql:1733 ROWCOUNT=0
[OK 636/1085] INSERT Revisao Master Deploy/16_Aplicar_Higienizacao_TSICFG.sql:1734 ROWCOUNT=0
[OK 637/1085] INSERT Revisao Master Deploy/16_Aplicar_Higienizacao_TSICFG.sql:1735 ROWCOUNT=0
[OK 638/1085] INSERT Revisao Master Deploy/16_Aplicar_Higienizacao_TSICFG.sql:1736 ROWCOUNT=0
[OK 639/1085] INSERT Revisao Master Deploy/16_Aplicar_Higienizacao_TSICFG.sql:1742 ROWCOUNT=0
[OK 640/1085] INSERT Revisao Master Deploy/16_Aplicar_Higienizacao_TSICFG.sql:1748 ROWCOUNT=0
[OK 641/1085] INSERT Revisao Master Deploy/16_Aplicar_Higienizacao_TSICFG.sql:1750 ROWCOUNT=0
[OK 642/1085] INSERT Revisao Master Deploy/16_Aplicar_Higienizacao_TSICFG.sql:1751 ROWCOUNT=0
[OK 643/1085] INSERT Revisao Master Deploy/16_Aplicar_Higienizacao_TSICFG.sql:1752 ROWCOUNT=0
[OK 644/1085] INSERT Revisao Master Deploy/16_Aplicar_Higienizacao_TSICFG.sql:1753 ROWCOUNT=0
[OK 645/1085] INSERT Revisao Master Deploy/16_Aplicar_Higienizacao_TSICFG.sql:1756 ROWCOUNT=0
[OK 646/1085] INSERT Revisao Master Deploy/16_Aplicar_Higienizacao_TSICFG.sql:1757 ROWCOUNT=0
[OK 647/1085] INSERT Revisao Master Deploy/16_Aplicar_Higienizacao_TSICFG.sql:1760 ROWCOUNT=0
[OK 648/1085] INSERT Revisao Master Deploy/16_Aplicar_Higienizacao_TSICFG.sql:1761 ROWCOUNT=0
[OK 649/1085] INSERT Revisao Master Deploy/16_Aplicar_Higienizacao_TSICFG.sql:1762 ROWCOUNT=0
[OK 650/1085] INSERT Revisao Master Deploy/16_Aplicar_Higienizacao_TSICFG.sql:1763 ROWCOUNT=0
[OK 651/1085] INSERT Revisao Master Deploy/16_Aplicar_Higienizacao_TSICFG.sql:1764 ROWCOUNT=0
[OK 652/1085] INSERT Revisao Master Deploy/16_Aplicar_Higienizacao_TSICFG.sql:1765 ROWCOUNT=0
[OK 653/1085] INSERT Revisao Master Deploy/16_Aplicar_Higienizacao_TSICFG.sql:1766 ROWCOUNT=0
[OK 654/1085] INSERT Revisao Master Deploy/16_Aplicar_Higienizacao_TSICFG.sql:1767 ROWCOUNT=0
[OK 655/1085] INSERT Revisao Master Deploy/16_Aplicar_Higienizacao_TSICFG.sql:1768 ROWCOUNT=0
[OK 656/1085] INSERT Revisao Master Deploy/16_Aplicar_Higienizacao_TSICFG.sql:1769 ROWCOUNT=0
[OK 657/1085] INSERT Revisao Master Deploy/16_Aplicar_Higienizacao_TSICFG.sql:1784 ROWCOUNT=0
[OK 658/1085] INSERT Revisao Master Deploy/16_Aplicar_Higienizacao_TSICFG.sql:1786 ROWCOUNT=0
[OK 659/1085] INSERT Revisao Master Deploy/16_Aplicar_Higienizacao_TSICFG.sql:1787 ROWCOUNT=0
[OK 660/1085] INSERT Revisao Master Deploy/16_Aplicar_Higienizacao_TSICFG.sql:1790 ROWCOUNT=0
[OK 661/1085] INSERT Revisao Master Deploy/16_Aplicar_Higienizacao_TSICFG.sql:1791 ROWCOUNT=0
[OK 662/1085] INSERT Revisao Master Deploy/16_Aplicar_Higienizacao_TSICFG.sql:1792 ROWCOUNT=0
[OK 663/1085] INSERT Revisao Master Deploy/16_Aplicar_Higienizacao_TSICFG.sql:1793 ROWCOUNT=0
[OK 664/1085] INSERT Revisao Master Deploy/16_Aplicar_Higienizacao_TSICFG.sql:1794 ROWCOUNT=0
[OK 665/1085] INSERT Revisao Master Deploy/16_Aplicar_Higienizacao_TSICFG.sql:1796 ROWCOUNT=0
[OK 666/1085] INSERT Revisao Master Deploy/16_Aplicar_Higienizacao_TSICFG.sql:1798 ROWCOUNT=0
[OK 667/1085] INSERT Revisao Master Deploy/16_Aplicar_Higienizacao_TSICFG.sql:1800 ROWCOUNT=0
[OK 668/1085] INSERT Revisao Master Deploy/16_Aplicar_Higienizacao_TSICFG.sql:1801 ROWCOUNT=0
[OK 669/1085] INSERT Revisao Master Deploy/16_Aplicar_Higienizacao_TSICFG.sql:1803 ROWCOUNT=0
[OK 670/1085] INSERT Revisao Master Deploy/16_Aplicar_Higienizacao_TSICFG.sql:1804 ROWCOUNT=0
[OK 671/1085] INSERT Revisao Master Deploy/16_Aplicar_Higienizacao_TSICFG.sql:1814 ROWCOUNT=0
[OK 672/1085] INSERT Revisao Master Deploy/16_Aplicar_Higienizacao_TSICFG.sql:1816 ROWCOUNT=0
[OK 673/1085] INSERT Revisao Master Deploy/16_Aplicar_Higienizacao_TSICFG.sql:1817 ROWCOUNT=0
[OK 674/1085] INSERT Revisao Master Deploy/16_Aplicar_Higienizacao_TSICFG.sql:1818 ROWCOUNT=0
[OK 675/1085] INSERT Revisao Master Deploy/16_Aplicar_Higienizacao_TSICFG.sql:1858 ROWCOUNT=0
[OK 676/1085] INSERT Revisao Master Deploy/16_Aplicar_Higienizacao_TSICFG.sql:1859 ROWCOUNT=0
[OK 677/1085] INSERT Revisao Master Deploy/16_Aplicar_Higienizacao_TSICFG.sql:1860 ROWCOUNT=0
[OK 678/1085] INSERT Revisao Master Deploy/16_Aplicar_Higienizacao_TSICFG.sql:1861 ROWCOUNT=0
[OK 679/1085] INSERT Revisao Master Deploy/16_Aplicar_Higienizacao_TSICFG.sql:1862 ROWCOUNT=0
[OK 680/1085] INSERT Revisao Master Deploy/16_Aplicar_Higienizacao_TSICFG.sql:1868 ROWCOUNT=0
[OK 681/1085] INSERT Revisao Master Deploy/16_Aplicar_Higienizacao_TSICFG.sql:1869 ROWCOUNT=0
[OK 682/1085] INSERT Revisao Master Deploy/16_Aplicar_Higienizacao_TSICFG.sql:1870 ROWCOUNT=0
[OK 683/1085] INSERT Revisao Master Deploy/16_Aplicar_Higienizacao_TSICFG.sql:1871 ROWCOUNT=0
[OK 684/1085] INSERT Revisao Master Deploy/16_Aplicar_Higienizacao_TSICFG.sql:1872 ROWCOUNT=0
[OK 685/1085] INSERT Revisao Master Deploy/16_Aplicar_Higienizacao_TSICFG.sql:1875 ROWCOUNT=0
[OK 686/1085] INSERT Revisao Master Deploy/16_Aplicar_Higienizacao_TSICFG.sql:1877 ROWCOUNT=0
[OK 687/1085] INSERT Revisao Master Deploy/16_Aplicar_Higienizacao_TSICFG.sql:1878 ROWCOUNT=0
[OK 688/1085] INSERT Revisao Master Deploy/16_Aplicar_Higienizacao_TSICFG.sql:1881 ROWCOUNT=0
[OK 689/1085] INSERT Revisao Master Deploy/16_Aplicar_Higienizacao_TSICFG.sql:1883 ROWCOUNT=0
[OK 690/1085] INSERT Revisao Master Deploy/16_Aplicar_Higienizacao_TSICFG.sql:1886 ROWCOUNT=0
[OK 691/1085] INSERT Revisao Master Deploy/16_Aplicar_Higienizacao_TSICFG.sql:1887 ROWCOUNT=0
[OK 692/1085] INSERT Revisao Master Deploy/16_Aplicar_Higienizacao_TSICFG.sql:1888 ROWCOUNT=0
[OK 693/1085] INSERT Revisao Master Deploy/16_Aplicar_Higienizacao_TSICFG.sql:1890 ROWCOUNT=0
[OK 694/1085] INSERT Revisao Master Deploy/16_Aplicar_Higienizacao_TSICFG.sql:1891 ROWCOUNT=0
[OK 695/1085] INSERT Revisao Master Deploy/16_Aplicar_Higienizacao_TSICFG.sql:1892 ROWCOUNT=0
[OK 696/1085] INSERT Revisao Master Deploy/16_Aplicar_Higienizacao_TSICFG.sql:1893 ROWCOUNT=0
[OK 697/1085] INSERT Revisao Master Deploy/16_Aplicar_Higienizacao_TSICFG.sql:1894 ROWCOUNT=0
[OK 698/1085] INSERT Revisao Master Deploy/16_Aplicar_Higienizacao_TSICFG.sql:1895 ROWCOUNT=0
[OK 699/1085] INSERT Revisao Master Deploy/16_Aplicar_Higienizacao_TSICFG.sql:1896 ROWCOUNT=0
[OK 700/1085] INSERT Revisao Master Deploy/16_Aplicar_Higienizacao_TSICFG.sql:1897 ROWCOUNT=0
[OK 701/1085] INSERT Revisao Master Deploy/16_Aplicar_Higienizacao_TSICFG.sql:1898 ROWCOUNT=0
[OK 702/1085] INSERT Revisao Master Deploy/16_Aplicar_Higienizacao_TSICFG.sql:1899 ROWCOUNT=0
[OK 703/1085] INSERT Revisao Master Deploy/16_Aplicar_Higienizacao_TSICFG.sql:1907 ROWCOUNT=0
[OK 704/1085] INSERT Revisao Master Deploy/16_Aplicar_Higienizacao_TSICFG.sql:1910 ROWCOUNT=0
[OK 705/1085] INSERT Revisao Master Deploy/16_Aplicar_Higienizacao_TSICFG.sql:1911 ROWCOUNT=0
[OK 706/1085] INSERT Revisao Master Deploy/16_Aplicar_Higienizacao_TSICFG.sql:1912 ROWCOUNT=0
[OK 707/1085] INSERT Revisao Master Deploy/16_Aplicar_Higienizacao_TSICFG.sql:1913 ROWCOUNT=0
[OK 708/1085] INSERT Revisao Master Deploy/16_Aplicar_Higienizacao_TSICFG.sql:1914 ROWCOUNT=0
[OK 709/1085] INSERT Revisao Master Deploy/16_Aplicar_Higienizacao_TSICFG.sql:1915 ROWCOUNT=0
[OK 710/1085] INSERT Revisao Master Deploy/16_Aplicar_Higienizacao_TSICFG.sql:1918 ROWCOUNT=0
[OK 711/1085] INSERT Revisao Master Deploy/16_Aplicar_Higienizacao_TSICFG.sql:1920 ROWCOUNT=0
[OK 712/1085] INSERT Revisao Master Deploy/16_Aplicar_Higienizacao_TSICFG.sql:1922 ROWCOUNT=0
[OK 713/1085] INSERT Revisao Master Deploy/16_Aplicar_Higienizacao_TSICFG.sql:1923 ROWCOUNT=0
[OK 714/1085] INSERT Revisao Master Deploy/16_Aplicar_Higienizacao_TSICFG.sql:1924 ROWCOUNT=0
[OK 715/1085] INSERT Revisao Master Deploy/16_Aplicar_Higienizacao_TSICFG.sql:1926 ROWCOUNT=0
[OK 716/1085] INSERT Revisao Master Deploy/16_Aplicar_Higienizacao_TSICFG.sql:1927 ROWCOUNT=0
[OK 717/1085] INSERT Revisao Master Deploy/16_Aplicar_Higienizacao_TSICFG.sql:1928 ROWCOUNT=0
[OK 718/1085] INSERT Revisao Master Deploy/16_Aplicar_Higienizacao_TSICFG.sql:1931 ROWCOUNT=0
[OK 719/1085] INSERT Revisao Master Deploy/16_Aplicar_Higienizacao_TSICFG.sql:1932 ROWCOUNT=0
[OK 720/1085] INSERT Revisao Master Deploy/16_Aplicar_Higienizacao_TSICFG.sql:1933 ROWCOUNT=0
[OK 721/1085] INSERT Revisao Master Deploy/16_Aplicar_Higienizacao_TSICFG.sql:1935 ROWCOUNT=0
[OK 722/1085] INSERT Revisao Master Deploy/16_Aplicar_Higienizacao_TSICFG.sql:1937 ROWCOUNT=0
[OK 723/1085] INSERT Revisao Master Deploy/16_Aplicar_Higienizacao_TSICFG.sql:1938 ROWCOUNT=0
[OK 724/1085] INSERT Revisao Master Deploy/16_Aplicar_Higienizacao_TSICFG.sql:1964 ROWCOUNT=0
[OK 725/1085] INSERT Revisao Master Deploy/16_Aplicar_Higienizacao_TSICFG.sql:1967 ROWCOUNT=0
[OK 726/1085] INSERT Revisao Master Deploy/16_Aplicar_Higienizacao_TSICFG.sql:1968 ROWCOUNT=0
[OK 727/1085] INSERT Revisao Master Deploy/16_Aplicar_Higienizacao_TSICFG.sql:1972 ROWCOUNT=0
[OK 728/1085] INSERT Revisao Master Deploy/16_Aplicar_Higienizacao_TSICFG.sql:1973 ROWCOUNT=0
[OK 729/1085] INSERT Revisao Master Deploy/16_Aplicar_Higienizacao_TSICFG.sql:1974 ROWCOUNT=0
[OK 730/1085] INSERT Revisao Master Deploy/16_Aplicar_Higienizacao_TSICFG.sql:1975 ROWCOUNT=0
[OK 731/1085] INSERT Revisao Master Deploy/16_Aplicar_Higienizacao_TSICFG.sql:1976 ROWCOUNT=0
[OK 732/1085] INSERT Revisao Master Deploy/16_Aplicar_Higienizacao_TSICFG.sql:1978 ROWCOUNT=0
[OK 733/1085] INSERT Revisao Master Deploy/16_Aplicar_Higienizacao_TSICFG.sql:1980 ROWCOUNT=0
[OK 734/1085] INSERT Revisao Master Deploy/16_Aplicar_Higienizacao_TSICFG.sql:1982 ROWCOUNT=0
[OK 735/1085] INSERT Revisao Master Deploy/16_Aplicar_Higienizacao_TSICFG.sql:1986 ROWCOUNT=0
[OK 736/1085] INSERT Revisao Master Deploy/16_Aplicar_Higienizacao_TSICFG.sql:1987 ROWCOUNT=0
[OK 737/1085] INSERT Revisao Master Deploy/16_Aplicar_Higienizacao_TSICFG.sql:1988 ROWCOUNT=0
[OK 738/1085] INSERT Revisao Master Deploy/16_Aplicar_Higienizacao_TSICFG.sql:1990 ROWCOUNT=0
[OK 739/1085] INSERT Revisao Master Deploy/16_Aplicar_Higienizacao_TSICFG.sql:1991 ROWCOUNT=0
[OK 740/1085] INSERT Revisao Master Deploy/16_Aplicar_Higienizacao_TSICFG.sql:1992 ROWCOUNT=0
[OK 741/1085] INSERT Revisao Master Deploy/16_Aplicar_Higienizacao_TSICFG.sql:1993 ROWCOUNT=0
[OK 742/1085] INSERT Revisao Master Deploy/16_Aplicar_Higienizacao_TSICFG.sql:1994 ROWCOUNT=0
[OK 743/1085] INSERT Revisao Master Deploy/16_Aplicar_Higienizacao_TSICFG.sql:2002 ROWCOUNT=0
[OK 744/1085] INSERT Revisao Master Deploy/16_Aplicar_Higienizacao_TSICFG.sql:2003 ROWCOUNT=0
[OK 745/1085] INSERT Revisao Master Deploy/16_Aplicar_Higienizacao_TSICFG.sql:2004 ROWCOUNT=0
[OK 746/1085] INSERT Revisao Master Deploy/16_Aplicar_Higienizacao_TSICFG.sql:2005 ROWCOUNT=0
[OK 747/1085] INSERT Revisao Master Deploy/16_Aplicar_Higienizacao_TSICFG.sql:2007 ROWCOUNT=0
[OK 748/1085] INSERT Revisao Master Deploy/16_Aplicar_Higienizacao_TSICFG.sql:2008 ROWCOUNT=0
[OK 749/1085] INSERT Revisao Master Deploy/16_Aplicar_Higienizacao_TSICFG.sql:2010 ROWCOUNT=0
[OK 750/1085] INSERT Revisao Master Deploy/16_Aplicar_Higienizacao_TSICFG.sql:2013 ROWCOUNT=0
[OK 751/1085] INSERT Revisao Master Deploy/16_Aplicar_Higienizacao_TSICFG.sql:2014 ROWCOUNT=0
[OK 752/1085] INSERT Revisao Master Deploy/16_Aplicar_Higienizacao_TSICFG.sql:2015 ROWCOUNT=0
[OK 753/1085] INSERT Revisao Master Deploy/16_Aplicar_Higienizacao_TSICFG.sql:2017 ROWCOUNT=0
[OK 754/1085] INSERT Revisao Master Deploy/16_Aplicar_Higienizacao_TSICFG.sql:2026 ROWCOUNT=0
[OK 755/1085] INSERT Revisao Master Deploy/16_Aplicar_Higienizacao_TSICFG.sql:2028 ROWCOUNT=0
[OK 756/1085] INSERT Revisao Master Deploy/16_Aplicar_Higienizacao_TSICFG.sql:2029 ROWCOUNT=0
[OK 757/1085] INSERT Revisao Master Deploy/16_Aplicar_Higienizacao_TSICFG.sql:2030 ROWCOUNT=0
[OK 758/1085] INSERT Revisao Master Deploy/16_Aplicar_Higienizacao_TSICFG.sql:2034 ROWCOUNT=0
[OK 759/1085] INSERT Revisao Master Deploy/16_Aplicar_Higienizacao_TSICFG.sql:2035 ROWCOUNT=0
[OK 760/1085] INSERT Revisao Master Deploy/16_Aplicar_Higienizacao_TSICFG.sql:2036 ROWCOUNT=0
[OK 761/1085] INSERT Revisao Master Deploy/16_Aplicar_Higienizacao_TSICFG.sql:2040 ROWCOUNT=0
[OK 762/1085] INSERT Revisao Master Deploy/16_Aplicar_Higienizacao_TSICFG.sql:2045 ROWCOUNT=0
[OK 763/1085] INSERT Revisao Master Deploy/16_Aplicar_Higienizacao_TSICFG.sql:2046 ROWCOUNT=0
[OK 764/1085] INSERT Revisao Master Deploy/16_Aplicar_Higienizacao_TSICFG.sql:2047 ROWCOUNT=0
[OK 765/1085] INSERT Revisao Master Deploy/16_Aplicar_Higienizacao_TSICFG.sql:2048 ROWCOUNT=0
[OK 766/1085] INSERT Revisao Master Deploy/16_Aplicar_Higienizacao_TSICFG.sql:2051 ROWCOUNT=0
[OK 767/1085] INSERT Revisao Master Deploy/16_Aplicar_Higienizacao_TSICFG.sql:2059 ROWCOUNT=0
[OK 768/1085] INSERT Revisao Master Deploy/16_Aplicar_Higienizacao_TSICFG.sql:2061 ROWCOUNT=0
[OK 769/1085] INSERT Revisao Master Deploy/16_Aplicar_Higienizacao_TSICFG.sql:2062 ROWCOUNT=0
[OK 770/1085] INSERT Revisao Master Deploy/16_Aplicar_Higienizacao_TSICFG.sql:2063 ROWCOUNT=0
[OK 771/1085] INSERT Revisao Master Deploy/16_Aplicar_Higienizacao_TSICFG.sql:2065 ROWCOUNT=0
[OK 772/1085] INSERT Revisao Master Deploy/16_Aplicar_Higienizacao_TSICFG.sql:2066 ROWCOUNT=0
[OK 773/1085] INSERT Revisao Master Deploy/16_Aplicar_Higienizacao_TSICFG.sql:2067 ROWCOUNT=0
[OK 774/1085] INSERT Revisao Master Deploy/16_Aplicar_Higienizacao_TSICFG.sql:2069 ROWCOUNT=0
[OK 775/1085] INSERT Revisao Master Deploy/16_Aplicar_Higienizacao_TSICFG.sql:2070 ROWCOUNT=0
[OK 776/1085] INSERT Revisao Master Deploy/16_Aplicar_Higienizacao_TSICFG.sql:2071 ROWCOUNT=0
[OK 777/1085] INSERT Revisao Master Deploy/16_Aplicar_Higienizacao_TSICFG.sql:2072 ROWCOUNT=0
[OK 778/1085] INSERT Revisao Master Deploy/16_Aplicar_Higienizacao_TSICFG.sql:2074 ROWCOUNT=0
[OK 779/1085] INSERT Revisao Master Deploy/16_Aplicar_Higienizacao_TSICFG.sql:2077 ROWCOUNT=0
[OK 780/1085] INSERT Revisao Master Deploy/16_Aplicar_Higienizacao_TSICFG.sql:2078 ROWCOUNT=0
[OK 781/1085] INSERT Revisao Master Deploy/16_Aplicar_Higienizacao_TSICFG.sql:2079 ROWCOUNT=0
[OK 782/1085] INSERT Revisao Master Deploy/16_Aplicar_Higienizacao_TSICFG.sql:2080 ROWCOUNT=0
[OK 783/1085] INSERT Revisao Master Deploy/16_Aplicar_Higienizacao_TSICFG.sql:2081 ROWCOUNT=0
[OK 784/1085] INSERT Revisao Master Deploy/16_Aplicar_Higienizacao_TSICFG.sql:2083 ROWCOUNT=0
[OK 785/1085] INSERT Revisao Master Deploy/16_Aplicar_Higienizacao_TSICFG.sql:2086 ROWCOUNT=0
[OK 786/1085] INSERT Revisao Master Deploy/16_Aplicar_Higienizacao_TSICFG.sql:2088 ROWCOUNT=0
[OK 787/1085] INSERT Revisao Master Deploy/16_Aplicar_Higienizacao_TSICFG.sql:2089 ROWCOUNT=0
[OK 788/1085] INSERT Revisao Master Deploy/16_Aplicar_Higienizacao_TSICFG.sql:2091 ROWCOUNT=0
[OK 789/1085] INSERT Revisao Master Deploy/16_Aplicar_Higienizacao_TSICFG.sql:2093 ROWCOUNT=0
[OK 790/1085] INSERT Revisao Master Deploy/16_Aplicar_Higienizacao_TSICFG.sql:2095 ROWCOUNT=0
[OK 791/1085] INSERT Revisao Master Deploy/16_Aplicar_Higienizacao_TSICFG.sql:2097 ROWCOUNT=0
[OK 792/1085] INSERT Revisao Master Deploy/16_Aplicar_Higienizacao_TSICFG.sql:2098 ROWCOUNT=0
[OK 793/1085] INSERT Revisao Master Deploy/16_Aplicar_Higienizacao_TSICFG.sql:2103 ROWCOUNT=0
[OK 794/1085] INSERT Revisao Master Deploy/16_Aplicar_Higienizacao_TSICFG.sql:2104 ROWCOUNT=0
[OK 795/1085] INSERT Revisao Master Deploy/16_Aplicar_Higienizacao_TSICFG.sql:2105 ROWCOUNT=0
[OK 796/1085] INSERT Revisao Master Deploy/16_Aplicar_Higienizacao_TSICFG.sql:2107 ROWCOUNT=0
[OK 797/1085] INSERT Revisao Master Deploy/16_Aplicar_Higienizacao_TSICFG.sql:2108 ROWCOUNT=0
[OK 798/1085] INSERT Revisao Master Deploy/16_Aplicar_Higienizacao_TSICFG.sql:2109 ROWCOUNT=0
[OK 799/1085] INSERT Revisao Master Deploy/16_Aplicar_Higienizacao_TSICFG.sql:2110 ROWCOUNT=0
[OK 800/1085] INSERT Revisao Master Deploy/16_Aplicar_Higienizacao_TSICFG.sql:2112 ROWCOUNT=0
[OK 801/1085] INSERT Revisao Master Deploy/16_Aplicar_Higienizacao_TSICFG.sql:2113 ROWCOUNT=0
[OK 802/1085] INSERT Revisao Master Deploy/16_Aplicar_Higienizacao_TSICFG.sql:2115 ROWCOUNT=0
[OK 803/1085] INSERT Revisao Master Deploy/16_Aplicar_Higienizacao_TSICFG.sql:2117 ROWCOUNT=0
[OK 804/1085] INSERT Revisao Master Deploy/16_Aplicar_Higienizacao_TSICFG.sql:2118 ROWCOUNT=0
[OK 805/1085] INSERT Revisao Master Deploy/16_Aplicar_Higienizacao_TSICFG.sql:2119 ROWCOUNT=0
[OK 806/1085] INSERT Revisao Master Deploy/16_Aplicar_Higienizacao_TSICFG.sql:2120 ROWCOUNT=0
[OK 807/1085] INSERT Revisao Master Deploy/16_Aplicar_Higienizacao_TSICFG.sql:2122 ROWCOUNT=0
[OK 808/1085] INSERT Revisao Master Deploy/16_Aplicar_Higienizacao_TSICFG.sql:2164 ROWCOUNT=0
[OK 809/1085] INSERT Revisao Master Deploy/16_Aplicar_Higienizacao_TSICFG.sql:2165 ROWCOUNT=0
[OK 810/1085] INSERT Revisao Master Deploy/16_Aplicar_Higienizacao_TSICFG.sql:2167 ROWCOUNT=0
[OK 811/1085] INSERT Revisao Master Deploy/16_Aplicar_Higienizacao_TSICFG.sql:2168 ROWCOUNT=0
[OK 812/1085] INSERT Revisao Master Deploy/16_Aplicar_Higienizacao_TSICFG.sql:2170 ROWCOUNT=0
[OK 813/1085] INSERT Revisao Master Deploy/16_Aplicar_Higienizacao_TSICFG.sql:2171 ROWCOUNT=0
[OK 814/1085] INSERT Revisao Master Deploy/16_Aplicar_Higienizacao_TSICFG.sql:2172 ROWCOUNT=0
[OK 815/1085] INSERT Revisao Master Deploy/16_Aplicar_Higienizacao_TSICFG.sql:2173 ROWCOUNT=0
[OK 816/1085] INSERT Revisao Master Deploy/16_Aplicar_Higienizacao_TSICFG.sql:2174 ROWCOUNT=0
[OK 817/1085] INSERT Revisao Master Deploy/16_Aplicar_Higienizacao_TSICFG.sql:2177 ROWCOUNT=0
[OK 818/1085] INSERT Revisao Master Deploy/16_Aplicar_Higienizacao_TSICFG.sql:2179 ROWCOUNT=0
[OK 819/1085] INSERT Revisao Master Deploy/16_Aplicar_Higienizacao_TSICFG.sql:2180 ROWCOUNT=0
[OK 820/1085] INSERT Revisao Master Deploy/16_Aplicar_Higienizacao_TSICFG.sql:2181 ROWCOUNT=0
[OK 821/1085] INSERT Revisao Master Deploy/16_Aplicar_Higienizacao_TSICFG.sql:2183 ROWCOUNT=0
[OK 822/1085] INSERT Revisao Master Deploy/16_Aplicar_Higienizacao_TSICFG.sql:2190 ROWCOUNT=0
[OK 823/1085] INSERT Revisao Master Deploy/16_Aplicar_Higienizacao_TSICFG.sql:2191 ROWCOUNT=0
[OK 824/1085] INSERT Revisao Master Deploy/16_Aplicar_Higienizacao_TSICFG.sql:2193 ROWCOUNT=0
[OK 825/1085] INSERT Revisao Master Deploy/16_Aplicar_Higienizacao_TSICFG.sql:2194 ROWCOUNT=0
[OK 826/1085] INSERT Revisao Master Deploy/16_Aplicar_Higienizacao_TSICFG.sql:2195 ROWCOUNT=0
[OK 827/1085] INSERT Revisao Master Deploy/16_Aplicar_Higienizacao_TSICFG.sql:2196 ROWCOUNT=0
[OK 828/1085] INSERT Revisao Master Deploy/16_Aplicar_Higienizacao_TSICFG.sql:2197 ROWCOUNT=0
[OK 829/1085] INSERT Revisao Master Deploy/16_Aplicar_Higienizacao_TSICFG.sql:2208 ROWCOUNT=0
[OK 830/1085] INSERT Revisao Master Deploy/16_Aplicar_Higienizacao_TSICFG.sql:2209 ROWCOUNT=0
[OK 831/1085] INSERT Revisao Master Deploy/16_Aplicar_Higienizacao_TSICFG.sql:2213 ROWCOUNT=0
[OK 832/1085] INSERT Revisao Master Deploy/16_Aplicar_Higienizacao_TSICFG.sql:2214 ROWCOUNT=0
[OK 833/1085] INSERT Revisao Master Deploy/16_Aplicar_Higienizacao_TSICFG.sql:2215 ROWCOUNT=0
[OK 834/1085] INSERT Revisao Master Deploy/16_Aplicar_Higienizacao_TSICFG.sql:2216 ROWCOUNT=0
[OK 835/1085] INSERT Revisao Master Deploy/16_Aplicar_Higienizacao_TSICFG.sql:2224 ROWCOUNT=0
[OK 836/1085] INSERT Revisao Master Deploy/16_Aplicar_Higienizacao_TSICFG.sql:2225 ROWCOUNT=0
[OK 837/1085] INSERT Revisao Master Deploy/16_Aplicar_Higienizacao_TSICFG.sql:2226 ROWCOUNT=0
[OK 838/1085] INSERT Revisao Master Deploy/16_Aplicar_Higienizacao_TSICFG.sql:2227 ROWCOUNT=0
[OK 839/1085] INSERT Revisao Master Deploy/16_Aplicar_Higienizacao_TSICFG.sql:2230 ROWCOUNT=0
[OK 840/1085] INSERT Revisao Master Deploy/16_Aplicar_Higienizacao_TSICFG.sql:2231 ROWCOUNT=0
[OK 841/1085] INSERT Revisao Master Deploy/16_Aplicar_Higienizacao_TSICFG.sql:2232 ROWCOUNT=0
[OK 842/1085] INSERT Revisao Master Deploy/16_Aplicar_Higienizacao_TSICFG.sql:2233 ROWCOUNT=0
[OK 843/1085] INSERT Revisao Master Deploy/16_Aplicar_Higienizacao_TSICFG.sql:2234 ROWCOUNT=0
[OK 844/1085] INSERT Revisao Master Deploy/16_Aplicar_Higienizacao_TSICFG.sql:2235 ROWCOUNT=0
[OK 845/1085] INSERT Revisao Master Deploy/16_Aplicar_Higienizacao_TSICFG.sql:2236 ROWCOUNT=0
[OK 846/1085] INSERT Revisao Master Deploy/16_Aplicar_Higienizacao_TSICFG.sql:2238 ROWCOUNT=0
[OK 847/1085] INSERT Revisao Master Deploy/16_Aplicar_Higienizacao_TSICFG.sql:2240 ROWCOUNT=0
[OK 848/1085] INSERT Revisao Master Deploy/16_Aplicar_Higienizacao_TSICFG.sql:2241 ROWCOUNT=0
[OK 849/1085] INSERT Revisao Master Deploy/16_Aplicar_Higienizacao_TSICFG.sql:2242 ROWCOUNT=0
[OK 850/1085] INSERT Revisao Master Deploy/16_Aplicar_Higienizacao_TSICFG.sql:2244 ROWCOUNT=0
[OK 851/1085] INSERT Revisao Master Deploy/16_Aplicar_Higienizacao_TSICFG.sql:2245 ROWCOUNT=0
[OK 852/1085] INSERT Revisao Master Deploy/16_Aplicar_Higienizacao_TSICFG.sql:2246 ROWCOUNT=0
[OK 853/1085] INSERT Revisao Master Deploy/16_Aplicar_Higienizacao_TSICFG.sql:2247 ROWCOUNT=0
[OK 854/1085] INSERT Revisao Master Deploy/16_Aplicar_Higienizacao_TSICFG.sql:2248 ROWCOUNT=0
[OK 855/1085] INSERT Revisao Master Deploy/16_Aplicar_Higienizacao_TSICFG.sql:2250 ROWCOUNT=0
[OK 856/1085] INSERT Revisao Master Deploy/16_Aplicar_Higienizacao_TSICFG.sql:2253 ROWCOUNT=0
[OK 857/1085] INSERT Revisao Master Deploy/16_Aplicar_Higienizacao_TSICFG.sql:2255 ROWCOUNT=0
[OK 858/1085] INSERT Revisao Master Deploy/16_Aplicar_Higienizacao_TSICFG.sql:2256 ROWCOUNT=0
[OK 859/1085] INSERT Revisao Master Deploy/16_Aplicar_Higienizacao_TSICFG.sql:2258 ROWCOUNT=0
[OK 860/1085] INSERT Revisao Master Deploy/16_Aplicar_Higienizacao_TSICFG.sql:2284 ROWCOUNT=0
[OK 861/1085] INSERT Revisao Master Deploy/16_Aplicar_Higienizacao_TSICFG.sql:2285 ROWCOUNT=0
[OK 862/1085] INSERT Revisao Master Deploy/16_Aplicar_Higienizacao_TSICFG.sql:2286 ROWCOUNT=0
[OK 863/1085] INSERT Revisao Master Deploy/16_Aplicar_Higienizacao_TSICFG.sql:2287 ROWCOUNT=0
[OK 864/1085] INSERT Revisao Master Deploy/16_Aplicar_Higienizacao_TSICFG.sql:2288 ROWCOUNT=0
[OK 865/1085] INSERT Revisao Master Deploy/16_Aplicar_Higienizacao_TSICFG.sql:2289 ROWCOUNT=0
[OK 866/1085] INSERT Revisao Master Deploy/16_Aplicar_Higienizacao_TSICFG.sql:2290 ROWCOUNT=0
[OK 867/1085] INSERT Revisao Master Deploy/16_Aplicar_Higienizacao_TSICFG.sql:2291 ROWCOUNT=0
[OK 868/1085] INSERT Revisao Master Deploy/16_Aplicar_Higienizacao_TSICFG.sql:2292 ROWCOUNT=0
[OK 869/1085] INSERT Revisao Master Deploy/16_Aplicar_Higienizacao_TSICFG.sql:2293 ROWCOUNT=0
[OK 870/1085] INSERT Revisao Master Deploy/16_Aplicar_Higienizacao_TSICFG.sql:2294 ROWCOUNT=0
[OK 871/1085] INSERT Revisao Master Deploy/16_Aplicar_Higienizacao_TSICFG.sql:2295 ROWCOUNT=0
[OK 872/1085] INSERT Revisao Master Deploy/16_Aplicar_Higienizacao_TSICFG.sql:2296 ROWCOUNT=0
[OK 873/1085] INSERT Revisao Master Deploy/16_Aplicar_Higienizacao_TSICFG.sql:2297 ROWCOUNT=0
[OK 874/1085] INSERT Revisao Master Deploy/16_Aplicar_Higienizacao_TSICFG.sql:2298 ROWCOUNT=0
[OK 875/1085] INSERT Revisao Master Deploy/16_Aplicar_Higienizacao_TSICFG.sql:2299 ROWCOUNT=0
[OK 876/1085] INSERT Revisao Master Deploy/16_Aplicar_Higienizacao_TSICFG.sql:2300 ROWCOUNT=0
[OK 877/1085] INSERT Revisao Master Deploy/16_Aplicar_Higienizacao_TSICFG.sql:2301 ROWCOUNT=0
[OK 878/1085] INSERT Revisao Master Deploy/16_Aplicar_Higienizacao_TSICFG.sql:2302 ROWCOUNT=0
[OK 879/1085] INSERT Revisao Master Deploy/16_Aplicar_Higienizacao_TSICFG.sql:2303 ROWCOUNT=0
[OK 880/1085] INSERT Revisao Master Deploy/16_Aplicar_Higienizacao_TSICFG.sql:2304 ROWCOUNT=0
[OK 881/1085] INSERT Revisao Master Deploy/16_Aplicar_Higienizacao_TSICFG.sql:2305 ROWCOUNT=0
[OK 882/1085] INSERT Revisao Master Deploy/16_Aplicar_Higienizacao_TSICFG.sql:2306 ROWCOUNT=0
[OK 883/1085] INSERT Revisao Master Deploy/16_Aplicar_Higienizacao_TSICFG.sql:2307 ROWCOUNT=0
[OK 884/1085] INSERT Revisao Master Deploy/16_Aplicar_Higienizacao_TSICFG.sql:2308 ROWCOUNT=0
[OK 885/1085] INSERT Revisao Master Deploy/16_Aplicar_Higienizacao_TSICFG.sql:2309 ROWCOUNT=0
[OK 886/1085] INSERT Revisao Master Deploy/16_Aplicar_Higienizacao_TSICFG.sql:2310 ROWCOUNT=0
[OK 887/1085] INSERT Revisao Master Deploy/16_Aplicar_Higienizacao_TSICFG.sql:2311 ROWCOUNT=0
[OK 888/1085] INSERT Revisao Master Deploy/16_Aplicar_Higienizacao_TSICFG.sql:2312 ROWCOUNT=0
[OK 889/1085] INSERT Revisao Master Deploy/16_Aplicar_Higienizacao_TSICFG.sql:2322 ROWCOUNT=0
[OK 890/1085] INSERT Revisao Master Deploy/16_Aplicar_Higienizacao_TSICFG.sql:2323 ROWCOUNT=0
[OK 891/1085] INSERT Revisao Master Deploy/16_Aplicar_Higienizacao_TSICFG.sql:2324 ROWCOUNT=0
[OK 892/1085] INSERT Revisao Master Deploy/16_Aplicar_Higienizacao_TSICFG.sql:2325 ROWCOUNT=0
[OK 893/1085] INSERT Revisao Master Deploy/16_Aplicar_Higienizacao_TSICFG.sql:2326 ROWCOUNT=0
[OK 894/1085] INSERT Revisao Master Deploy/16_Aplicar_Higienizacao_TSICFG.sql:2327 ROWCOUNT=0
[OK 895/1085] INSERT Revisao Master Deploy/16_Aplicar_Higienizacao_TSICFG.sql:2328 ROWCOUNT=0
[OK 896/1085] INSERT Revisao Master Deploy/16_Aplicar_Higienizacao_TSICFG.sql:2329 ROWCOUNT=0
[OK 897/1085] INSERT Revisao Master Deploy/16_Aplicar_Higienizacao_TSICFG.sql:2330 ROWCOUNT=0
[OK 898/1085] INSERT Revisao Master Deploy/16_Aplicar_Higienizacao_TSICFG.sql:2331 ROWCOUNT=0
[OK 899/1085] INSERT Revisao Master Deploy/16_Aplicar_Higienizacao_TSICFG.sql:2332 ROWCOUNT=0
[OK 900/1085] INSERT Revisao Master Deploy/16_Aplicar_Higienizacao_TSICFG.sql:2333 ROWCOUNT=0
[OK 901/1085] INSERT Revisao Master Deploy/16_Aplicar_Higienizacao_TSICFG.sql:2334 ROWCOUNT=0
[OK 902/1085] INSERT Revisao Master Deploy/16_Aplicar_Higienizacao_TSICFG.sql:2359 ROWCOUNT=0
[OK 903/1085] INSERT Revisao Master Deploy/16_Aplicar_Higienizacao_TSICFG.sql:2360 ROWCOUNT=0
[OK 904/1085] INSERT Revisao Master Deploy/16_Aplicar_Higienizacao_TSICFG.sql:2361 ROWCOUNT=0
[OK 905/1085] INSERT Revisao Master Deploy/16_Aplicar_Higienizacao_TSICFG.sql:2362 ROWCOUNT=0
[OK 906/1085] INSERT Revisao Master Deploy/16_Aplicar_Higienizacao_TSICFG.sql:2363 ROWCOUNT=0
[OK 907/1085] INSERT Revisao Master Deploy/16_Aplicar_Higienizacao_TSICFG.sql:2364 ROWCOUNT=0
[OK 908/1085] INSERT Revisao Master Deploy/16_Aplicar_Higienizacao_TSICFG.sql:2365 ROWCOUNT=0
[OK 909/1085] INSERT Revisao Master Deploy/16_Aplicar_Higienizacao_TSICFG.sql:2366 ROWCOUNT=0
[OK 910/1085] INSERT Revisao Master Deploy/16_Aplicar_Higienizacao_TSICFG.sql:2367 ROWCOUNT=0
[OK 911/1085] INSERT Revisao Master Deploy/16_Aplicar_Higienizacao_TSICFG.sql:2370 ROWCOUNT=0
[OK 912/1085] INSERT Revisao Master Deploy/16_Aplicar_Higienizacao_TSICFG.sql:2374 ROWCOUNT=0
[OK 913/1085] INSERT Revisao Master Deploy/16_Aplicar_Higienizacao_TSICFG.sql:2375 ROWCOUNT=0
[OK 914/1085] INSERT Revisao Master Deploy/16_Aplicar_Higienizacao_TSICFG.sql:2376 ROWCOUNT=0
[OK 915/1085] INSERT Revisao Master Deploy/16_Aplicar_Higienizacao_TSICFG.sql:2377 ROWCOUNT=0
[OK 916/1085] INSERT Revisao Master Deploy/16_Aplicar_Higienizacao_TSICFG.sql:2378 ROWCOUNT=0
[OK 917/1085] INSERT Revisao Master Deploy/16_Aplicar_Higienizacao_TSICFG.sql:2379 ROWCOUNT=0
[OK 918/1085] INSERT Revisao Master Deploy/16_Aplicar_Higienizacao_TSICFG.sql:2380 ROWCOUNT=0
[OK 919/1085] INSERT Revisao Master Deploy/16_Aplicar_Higienizacao_TSICFG.sql:2381 ROWCOUNT=0
[OK 920/1085] INSERT Revisao Master Deploy/16_Aplicar_Higienizacao_TSICFG.sql:2382 ROWCOUNT=0
[OK 921/1085] INSERT Revisao Master Deploy/16_Aplicar_Higienizacao_TSICFG.sql:2383 ROWCOUNT=0
[OK 922/1085] INSERT Revisao Master Deploy/16_Aplicar_Higienizacao_TSICFG.sql:2384 ROWCOUNT=0
[OK 923/1085] INSERT Revisao Master Deploy/16_Aplicar_Higienizacao_TSICFG.sql:2385 ROWCOUNT=0
[OK 924/1085] INSERT Revisao Master Deploy/16_Aplicar_Higienizacao_TSICFG.sql:2386 ROWCOUNT=0
[OK 925/1085] INSERT Revisao Master Deploy/16_Aplicar_Higienizacao_TSICFG.sql:2387 ROWCOUNT=0
[OK 926/1085] INSERT Revisao Master Deploy/16_Aplicar_Higienizacao_TSICFG.sql:2388 ROWCOUNT=0
[OK 927/1085] INSERT Revisao Master Deploy/16_Aplicar_Higienizacao_TSICFG.sql:2389 ROWCOUNT=0
[OK 928/1085] INSERT Revisao Master Deploy/16_Aplicar_Higienizacao_TSICFG.sql:2390 ROWCOUNT=0
[OK 929/1085] INSERT Revisao Master Deploy/16_Aplicar_Higienizacao_TSICFG.sql:2391 ROWCOUNT=0
[OK 930/1085] INSERT Revisao Master Deploy/16_Aplicar_Higienizacao_TSICFG.sql:2392 ROWCOUNT=0
[OK 931/1085] INSERT Revisao Master Deploy/16_Aplicar_Higienizacao_TSICFG.sql:2436 ROWCOUNT=0
[OK 932/1085] INSERT Revisao Master Deploy/16_Aplicar_Higienizacao_TSICFG.sql:2437 ROWCOUNT=0
[OK 933/1085] INSERT Revisao Master Deploy/16_Aplicar_Higienizacao_TSICFG.sql:2438 ROWCOUNT=0
[OK 934/1085] INSERT Revisao Master Deploy/16_Aplicar_Higienizacao_TSICFG.sql:2439 ROWCOUNT=0
[OK 935/1085] INSERT Revisao Master Deploy/16_Aplicar_Higienizacao_TSICFG.sql:2440 ROWCOUNT=0
[OK 936/1085] INSERT Revisao Master Deploy/16_Aplicar_Higienizacao_TSICFG.sql:2441 ROWCOUNT=0
[OK 937/1085] INSERT Revisao Master Deploy/16_Aplicar_Higienizacao_TSICFG.sql:2443 ROWCOUNT=0
[OK 938/1085] INSERT Revisao Master Deploy/16_Aplicar_Higienizacao_TSICFG.sql:2444 ROWCOUNT=0
[OK 939/1085] INSERT Revisao Master Deploy/16_Aplicar_Higienizacao_TSICFG.sql:2445 ROWCOUNT=0
[OK 940/1085] INSERT Revisao Master Deploy/16_Aplicar_Higienizacao_TSICFG.sql:2450 ROWCOUNT=0
[OK 941/1085] INSERT Revisao Master Deploy/16_Aplicar_Higienizacao_TSICFG.sql:2451 ROWCOUNT=0
[OK 942/1085] INSERT Revisao Master Deploy/16_Aplicar_Higienizacao_TSICFG.sql:2452 ROWCOUNT=0
[OK 943/1085] INSERT Revisao Master Deploy/16_Aplicar_Higienizacao_TSICFG.sql:2454 ROWCOUNT=0
[OK 944/1085] INSERT Revisao Master Deploy/16_Aplicar_Higienizacao_TSICFG.sql:2455 ROWCOUNT=0
[OK 945/1085] INSERT Revisao Master Deploy/16_Aplicar_Higienizacao_TSICFG.sql:2456 ROWCOUNT=0
[OK 946/1085] INSERT Revisao Master Deploy/16_Aplicar_Higienizacao_TSICFG.sql:2458 ROWCOUNT=0
[OK 947/1085] INSERT Revisao Master Deploy/16_Aplicar_Higienizacao_TSICFG.sql:2514 ROWCOUNT=0
[OK 948/1085] INSERT Revisao Master Deploy/16_Aplicar_Higienizacao_TSICFG.sql:2515 ROWCOUNT=0
[OK 949/1085] INSERT Revisao Master Deploy/16_Aplicar_Higienizacao_TSICFG.sql:2520 ROWCOUNT=0
[OK 950/1085] INSERT Revisao Master Deploy/16_Aplicar_Higienizacao_TSICFG.sql:2556 ROWCOUNT=0
[OK 951/1085] INSERT Revisao Master Deploy/16_Aplicar_Higienizacao_TSICFG.sql:2557 ROWCOUNT=0
[OK 952/1085] INSERT Revisao Master Deploy/16_Aplicar_Higienizacao_TSICFG.sql:2558 ROWCOUNT=0
[OK 953/1085] INSERT Revisao Master Deploy/16_Aplicar_Higienizacao_TSICFG.sql:2560 ROWCOUNT=0
[OK 954/1085] INSERT Revisao Master Deploy/16_Aplicar_Higienizacao_TSICFG.sql:2594 ROWCOUNT=0
[OK 955/1085] INSERT Revisao Master Deploy/16_Aplicar_Higienizacao_TSICFG.sql:2595 ROWCOUNT=0
[OK 956/1085] INSERT Revisao Master Deploy/16_Aplicar_Higienizacao_TSICFG.sql:2596 ROWCOUNT=0
[OK 957/1085] INSERT Revisao Master Deploy/16_Aplicar_Higienizacao_TSICFG.sql:2597 ROWCOUNT=0
[OK 958/1085] INSERT Revisao Master Deploy/16_Aplicar_Higienizacao_TSICFG.sql:2598 ROWCOUNT=0
[OK 959/1085] INSERT Revisao Master Deploy/16_Aplicar_Higienizacao_TSICFG.sql:2600 ROWCOUNT=0
[OK 960/1085] INSERT Revisao Master Deploy/16_Aplicar_Higienizacao_TSICFG.sql:2601 ROWCOUNT=0
[OK 961/1085] INSERT Revisao Master Deploy/16_Aplicar_Higienizacao_TSICFG.sql:2602 ROWCOUNT=0
[OK 962/1085] INSERT Revisao Master Deploy/16_Aplicar_Higienizacao_TSICFG.sql:2603 ROWCOUNT=0
[OK 963/1085] INSERT Revisao Master Deploy/16_Aplicar_Higienizacao_TSICFG.sql:2604 ROWCOUNT=0
[OK 964/1085] INSERT Revisao Master Deploy/16_Aplicar_Higienizacao_TSICFG.sql:2605 ROWCOUNT=0
[OK 965/1085] INSERT Revisao Master Deploy/16_Aplicar_Higienizacao_TSICFG.sql:2607 ROWCOUNT=0
[OK 966/1085] INSERT Revisao Master Deploy/16_Aplicar_Higienizacao_TSICFG.sql:2609 ROWCOUNT=0
[OK 967/1085] INSERT Revisao Master Deploy/16_Aplicar_Higienizacao_TSICFG.sql:2610 ROWCOUNT=0
[OK 968/1085] INSERT Revisao Master Deploy/16_Aplicar_Higienizacao_TSICFG.sql:2611 ROWCOUNT=0
[OK 969/1085] INSERT Revisao Master Deploy/16_Aplicar_Higienizacao_TSICFG.sql:2614 ROWCOUNT=0
[OK 970/1085] INSERT Revisao Master Deploy/16_Aplicar_Higienizacao_TSICFG.sql:2616 ROWCOUNT=0
[OK 971/1085] INSERT Revisao Master Deploy/16_Aplicar_Higienizacao_TSICFG.sql:2620 ROWCOUNT=0
[OK 972/1085] INSERT Revisao Master Deploy/16_Aplicar_Higienizacao_TSICFG.sql:2621 ROWCOUNT=0
[OK 973/1085] INSERT Revisao Master Deploy/16_Aplicar_Higienizacao_TSICFG.sql:2624 ROWCOUNT=0
[OK 974/1085] INSERT Revisao Master Deploy/16_Aplicar_Higienizacao_TSICFG.sql:2626 ROWCOUNT=0
[OK 975/1085] INSERT Revisao Master Deploy/16_Aplicar_Higienizacao_TSICFG.sql:2629 ROWCOUNT=0
[OK 976/1085] INSERT Revisao Master Deploy/16_Aplicar_Higienizacao_TSICFG.sql:2631 ROWCOUNT=0
[OK 977/1085] INSERT Revisao Master Deploy/16_Aplicar_Higienizacao_TSICFG.sql:2634 ROWCOUNT=0
[OK 978/1085] INSERT Revisao Master Deploy/16_Aplicar_Higienizacao_TSICFG.sql:2635 ROWCOUNT=0
[OK 979/1085] INSERT Revisao Master Deploy/16_Aplicar_Higienizacao_TSICFG.sql:2637 ROWCOUNT=0
[OK 980/1085] INSERT Revisao Master Deploy/16_Aplicar_Higienizacao_TSICFG.sql:2640 ROWCOUNT=0
[OK 981/1085] INSERT Revisao Master Deploy/16_Aplicar_Higienizacao_TSICFG.sql:2643 ROWCOUNT=0
[OK 982/1085] INSERT Revisao Master Deploy/16_Aplicar_Higienizacao_TSICFG.sql:2653 ROWCOUNT=0
[OK 983/1085] INSERT Revisao Master Deploy/16_Aplicar_Higienizacao_TSICFG.sql:2655 ROWCOUNT=0
[OK 984/1085] INSERT Revisao Master Deploy/16_Aplicar_Higienizacao_TSICFG.sql:2656 ROWCOUNT=0
[OK 985/1085] INSERT Revisao Master Deploy/16_Aplicar_Higienizacao_TSICFG.sql:2657 ROWCOUNT=0
[OK 986/1085] INSERT Revisao Master Deploy/16_Aplicar_Higienizacao_TSICFG.sql:2660 ROWCOUNT=0
[OK 987/1085] INSERT Revisao Master Deploy/16_Aplicar_Higienizacao_TSICFG.sql:2661 ROWCOUNT=0
[OK 988/1085] INSERT Revisao Master Deploy/16_Aplicar_Higienizacao_TSICFG.sql:2664 ROWCOUNT=0
[OK 989/1085] INSERT Revisao Master Deploy/16_Aplicar_Higienizacao_TSICFG.sql:2665 ROWCOUNT=0
[OK 990/1085] INSERT Revisao Master Deploy/16_Aplicar_Higienizacao_TSICFG.sql:2666 ROWCOUNT=0
[OK 991/1085] INSERT Revisao Master Deploy/16_Aplicar_Higienizacao_TSICFG.sql:2671 ROWCOUNT=0
[OK 992/1085] INSERT Revisao Master Deploy/16_Aplicar_Higienizacao_TSICFG.sql:2672 ROWCOUNT=0
[OK 993/1085] INSERT Revisao Master Deploy/16_Aplicar_Higienizacao_TSICFG.sql:2673 ROWCOUNT=0
[OK 994/1085] INSERT Revisao Master Deploy/16_Aplicar_Higienizacao_TSICFG.sql:2674 ROWCOUNT=0
[OK 995/1085] INSERT Revisao Master Deploy/16_Aplicar_Higienizacao_TSICFG.sql:2675 ROWCOUNT=0
[OK 996/1085] INSERT Revisao Master Deploy/16_Aplicar_Higienizacao_TSICFG.sql:2676 ROWCOUNT=0
[OK 997/1085] INSERT Revisao Master Deploy/16_Aplicar_Higienizacao_TSICFG.sql:2677 ROWCOUNT=0
[OK 998/1085] INSERT Revisao Master Deploy/16_Aplicar_Higienizacao_TSICFG.sql:2678 ROWCOUNT=0
[OK 999/1085] INSERT Revisao Master Deploy/16_Aplicar_Higienizacao_TSICFG.sql:2681 ROWCOUNT=0
[OK 1000/1085] INSERT Revisao Master Deploy/16_Aplicar_Higienizacao_TSICFG.sql:2682 ROWCOUNT=0
[OK 1001/1085] INSERT Revisao Master Deploy/16_Aplicar_Higienizacao_TSICFG.sql:2683 ROWCOUNT=0
[OK 1002/1085] INSERT Revisao Master Deploy/16_Aplicar_Higienizacao_TSICFG.sql:2687 ROWCOUNT=0
[OK 1003/1085] INSERT Revisao Master Deploy/16_Aplicar_Higienizacao_TSICFG.sql:2690 ROWCOUNT=0
[OK 1004/1085] INSERT Revisao Master Deploy/16_Aplicar_Higienizacao_TSICFG.sql:2691 ROWCOUNT=0
[OK 1005/1085] INSERT Revisao Master Deploy/16_Aplicar_Higienizacao_TSICFG.sql:2692 ROWCOUNT=0
[OK 1006/1085] INSERT Revisao Master Deploy/16_Aplicar_Higienizacao_TSICFG.sql:2693 ROWCOUNT=0
[OK 1007/1085] INSERT Revisao Master Deploy/16_Aplicar_Higienizacao_TSICFG.sql:2694 ROWCOUNT=0
[OK 1008/1085] INSERT Revisao Master Deploy/16_Aplicar_Higienizacao_TSICFG.sql:2697 ROWCOUNT=0
[OK 1009/1085] INSERT Revisao Master Deploy/16_Aplicar_Higienizacao_TSICFG.sql:2698 ROWCOUNT=0
[OK 1010/1085] INSERT Revisao Master Deploy/16_Aplicar_Higienizacao_TSICFG.sql:2700 ROWCOUNT=0
[OK 1011/1085] INSERT Revisao Master Deploy/16_Aplicar_Higienizacao_TSICFG.sql:2701 ROWCOUNT=0
[OK 1012/1085] INSERT Revisao Master Deploy/16_Aplicar_Higienizacao_TSICFG.sql:2703 ROWCOUNT=0
[OK 1013/1085] INSERT Revisao Master Deploy/16_Aplicar_Higienizacao_TSICFG.sql:2704 ROWCOUNT=0
[OK 1014/1085] INSERT Revisao Master Deploy/16_Aplicar_Higienizacao_TSICFG.sql:2708 ROWCOUNT=0
[OK 1015/1085] INSERT Revisao Master Deploy/16_Aplicar_Higienizacao_TSICFG.sql:2709 ROWCOUNT=0
[OK 1016/1085] INSERT Revisao Master Deploy/16_Aplicar_Higienizacao_TSICFG.sql:2711 ROWCOUNT=0
[OK 1017/1085] INSERT Revisao Master Deploy/16_Aplicar_Higienizacao_TSICFG.sql:2714 ROWCOUNT=0
[OK 1018/1085] INSERT Revisao Master Deploy/16_Aplicar_Higienizacao_TSICFG.sql:2716 ROWCOUNT=0
[OK 1019/1085] INSERT Revisao Master Deploy/16_Aplicar_Higienizacao_TSICFG.sql:2717 ROWCOUNT=0
[OK 1020/1085] INSERT Revisao Master Deploy/16_Aplicar_Higienizacao_TSICFG.sql:2719 ROWCOUNT=0
[OK 1021/1085] INSERT Revisao Master Deploy/16_Aplicar_Higienizacao_TSICFG.sql:2720 ROWCOUNT=0
[OK 1022/1085] INSERT Revisao Master Deploy/16_Aplicar_Higienizacao_TSICFG.sql:2721 ROWCOUNT=0
[OK 1023/1085] INSERT Revisao Master Deploy/16_Aplicar_Higienizacao_TSICFG.sql:2722 ROWCOUNT=0
[OK 1024/1085] INSERT Revisao Master Deploy/16_Aplicar_Higienizacao_TSICFG.sql:2731 ROWCOUNT=0
[OK 1025/1085] INSERT Revisao Master Deploy/16_Aplicar_Higienizacao_TSICFG.sql:2733 ROWCOUNT=0
[OK 1026/1085] INSERT Revisao Master Deploy/16_Aplicar_Higienizacao_TSICFG.sql:2734 ROWCOUNT=0
[OK 1027/1085] INSERT Revisao Master Deploy/16_Aplicar_Higienizacao_TSICFG.sql:2735 ROWCOUNT=0
[OK 1028/1085] INSERT Revisao Master Deploy/16_Aplicar_Higienizacao_TSICFG.sql:2737 ROWCOUNT=0
[OK 1029/1085] INSERT Revisao Master Deploy/16_Aplicar_Higienizacao_TSICFG.sql:2739 ROWCOUNT=0
[OK 1030/1085] PLSQL_OR_DDL_BLOCK Revisao Master Deploy/16_Aplicar_Higienizacao_TSICFG.sql:2742 ROWCOUNT=0
DBMS_OUTPUT=TSICFG_EXCLUIDAS=73
DBMS_OUTPUT=TSICFG_ATUALIZADAS=112
DBMS_OUTPUT=TSICFG_INSERIDAS=177
DBMS_OUTPUT=TSICFG_FINAL=994
[OK 1031/1085] PLSQL_OR_DDL_BLOCK Revisao Master Deploy/17_Normalizar_Unidades.sql:10 ROWCOUNT=0
DBMS_OUTPUT=ID_MASTER=RMD_RUN_20260923150349432
[OK 1032/1085] PLSQL_OR_DDL_BLOCK Revisao Master Deploy/17_Normalizar_Unidades.sql:16 ROWCOUNT=0
[OK 1033/1085] PLSQL_OR_DDL_BLOCK Revisao Master Deploy/17_Normalizar_Unidades.sql:22 ROWCOUNT=0
DBMS_OUTPUT=OK: Tabela RMD_MAP_UNIDADES criada.
[OK 1034/1085] PLSQL_OR_DDL_BLOCK Revisao Master Deploy/17_Normalizar_Unidades.sql:46 ROWCOUNT=0
[OK 1035/1085] INSERT Revisao Master Deploy/17_Normalizar_Unidades.sql:53 ROWCOUNT=0
[OK 1036/1085] MERGE Revisao Master Deploy/17_Normalizar_Unidades.sql:56 ROWCOUNT=0
[OK 1037/1085] MERGE Revisao Master Deploy/17_Normalizar_Unidades.sql:193 ROWCOUNT=0
[OK 1038/1085] DELETE Revisao Master Deploy/17_Normalizar_Unidades.sql:235 ROWCOUNT=0
[OK 1039/1085] PLSQL_OR_DDL_BLOCK Revisao Master Deploy/17_Normalizar_Unidades.sql:242 ROWCOUNT=0
[OK 1040/1085] INSERT Revisao Master Deploy/17_Normalizar_Unidades.sql:251 ROWCOUNT=0
[OK 1041/1085] INSERT Revisao Master Deploy/17_Normalizar_Unidades.sql:255 ROWCOUNT=0
[OK 1042/1085] INSERT Revisao Master Deploy/17_Normalizar_Unidades.sql:259 ROWCOUNT=0
[OK 1043/1085] INSERT Revisao Master Deploy/17_Normalizar_Unidades.sql:263 ROWCOUNT=0
[OK 1044/1085] INSERT Revisao Master Deploy/17_Normalizar_Unidades.sql:267 ROWCOUNT=0
[OK 1045/1085] INSERT Revisao Master Deploy/17_Normalizar_Unidades.sql:271 ROWCOUNT=0
[OK 1046/1085] INSERT Revisao Master Deploy/17_Normalizar_Unidades.sql:275 ROWCOUNT=0
[OK 1047/1085] INSERT Revisao Master Deploy/17_Normalizar_Unidades.sql:279 ROWCOUNT=0
[OK 1048/1085] INSERT Revisao Master Deploy/17_Normalizar_Unidades.sql:285 ROWCOUNT=0
[OK 1049/1085] ALTER Revisao Master Deploy/17_Normalizar_Unidades.sql:291 ROWCOUNT=0
[OK 1050/1085] ALTER Revisao Master Deploy/17_Normalizar_Unidades.sql:292 ROWCOUNT=0
[OK 1051/1085] UPDATE Revisao Master Deploy/17_Normalizar_Unidades.sql:293 ROWCOUNT=0
[OK 1052/1085] UPDATE Revisao Master Deploy/17_Normalizar_Unidades.sql:294 ROWCOUNT=0
[OK 1053/1085] UPDATE Revisao Master Deploy/17_Normalizar_Unidades.sql:295 ROWCOUNT=0
[OK 1054/1085] UPDATE Revisao Master Deploy/17_Normalizar_Unidades.sql:296 ROWCOUNT=0
[OK 1055/1085] UPDATE Revisao Master Deploy/17_Normalizar_Unidades.sql:297 ROWCOUNT=0
[OK 1056/1085] DELETE Revisao Master Deploy/17_Normalizar_Unidades.sql:298 ROWCOUNT=0
[OK 1057/1085] DELETE Revisao Master Deploy/17_Normalizar_Unidades.sql:299 ROWCOUNT=0
[OK 1058/1085] UPDATE Revisao Master Deploy/17_Normalizar_Unidades.sql:300 ROWCOUNT=0
[OK 1059/1085] ALTER Revisao Master Deploy/17_Normalizar_Unidades.sql:301 ROWCOUNT=0
[OK 1060/1085] ALTER Revisao Master Deploy/17_Normalizar_Unidades.sql:302 ROWCOUNT=0
[OK 1061/1085] UPDATE Revisao Master Deploy/17_Normalizar_Unidades.sql:303 ROWCOUNT=0
[OK 1062/1085] COMMIT Revisao Master Deploy/17_Normalizar_Unidades.sql:306 ROWCOUNT=0
[OK 1063/1085] PLSQL_OR_DDL_BLOCK Revisao Master Deploy/18_Preparar_Backups_18_30.sql:7 ROWCOUNT=0
DBMS_OUTPUT=BKP_RMD_GOL_TSIPAR=CRIADA
DBMS_OUTPUT=BKP_RMD_GOL_TGFCGM=CRIADA
DBMS_OUTPUT=BKP_RMD_GOL_TGFCMV=CRIADA
DBMS_OUTPUT=BKP_RMD_PAR_MATRIZ=CRIADA
DBMS_OUTPUT=BKP_RMD_CARD_TTKINDAGT=CRIADA
DBMS_OUTPUT=BKP_CLASSICMS_TGFPAR=CRIADA
DBMS_OUTPUT=BKP_AJNP_TGFPAR=CRIADA
DBMS_OUTPUT=BKP_RMD_PAD_TGFPAR=CRIADA
DBMS_OUTPUT=BKP_RMD_PAD_TGFPRO=CRIADA
DBMS_OUTPUT=BKP_RMD_PAD_TGFTIT=CRIADA
DBMS_OUTPUT=BKP_RMD_PAD_TSICID=CRIADA
DBMS_OUTPUT=BKP_RMD_PAD_TGFTPV=CRIADA
DBMS_OUTPUT=BKP_RMD_PAD_TSIBAI=CRIADA
DBMS_OUTPUT=BKP_RMD_PAD_TSIEND=CRIADA
[OK 1064/1085] PLSQL_OR_DDL_BLOCK Revisao Master Deploy/18_Ajustar_Preferencias_GOL.sql:7 ROWCOUNT=0
[OK 1065/1085] PLSQL_OR_DDL_BLOCK Revisao Master Deploy/18_Ajustar_Preferencias_GOL.sql:35 ROWCOUNT=0
DBMS_OUTPUT=ID_EXECUCAO=RMD_GOL_20260923150631124
DBMS_OUTPUT=TSIPAR=1; TGFCGM=3; TGFCMV=1
[OK 1066/1085] PLSQL_OR_DDL_BLOCK Revisao Master Deploy/19_Ajustar_Parceiro_Matriz.sql:7 ROWCOUNT=0
[OK 1067/1085] PLSQL_OR_DDL_BLOCK Revisao Master Deploy/19_Ajustar_Parceiro_Matriz.sql:28 ROWCOUNT=0
DBMS_OUTPUT=ID_EXECUCAO=RMD_MAT_20260923150631572
DBMS_OUTPUT=PARCEIROS_AJUSTADOS=0
[OK 1068/1085] PLSQL_OR_DDL_BLOCK Revisao Master Deploy/20_Atualizar_Cards_Deploy.sql:5 ROWCOUNT=0
[OK 1069/1085] PLSQL_OR_DDL_BLOCK Revisao Master Deploy/20_Atualizar_Cards_Deploy.sql:18 ROWCOUNT=0
DBMS_OUTPUT=ID_EXECUCAO=RMD_CARD_20260923150632029
DBMS_OUTPUT=CARDS_ATUALIZADOS=1
[OK 1070/1085] PLSQL_OR_DDL_BLOCK Revisao Master Deploy/21_Classificar_ICMS_Parceiros.sql:6 ROWCOUNT=0
[OK 1071/1085] PLSQL_OR_DDL_BLOCK Revisao Master Deploy/21_Classificar_ICMS_Parceiros.sql:25 ROWCOUNT=0
DBMS_OUTPUT=OK: Classificacao ICMS concluida. ID_EXECUCAO=CLASSICMS_20260923150632476, parceiros=81
[OK 1072/1085] PLSQL_OR_DDL_BLOCK Revisao Master Deploy/22_Ajustar_Nomes_Parceiros.sql:21 ROWCOUNT=0
DBMS_OUTPUT=BACKUP_EXISTENTE=BKP_AJNP_TGFPAR
[OK 1073/1085] PLSQL_OR_DDL_BLOCK Revisao Master Deploy/22_Ajustar_Nomes_Parceiros.sql:51 ROWCOUNT=0
DBMS_OUTPUT=ID_EXECUCAO=AJNP_20260923150632938
DBMS_OUTPUT=BACKUPS=1
DBMS_OUTPUT=REGISTROS_ALTERADOS=1
[OK 1074/1085] PLSQL_OR_DDL_BLOCK Revisao Master Deploy/23_Validar_Reabilitar_Objetos.sql:6 ROWCOUNT=0
DBMS_OUTPUT=OBJETOS_DA_REVISAO_PENDENTES=0
[OK 1075/1085] SELECT Revisao Master Deploy/23_Validar_Reabilitar_Objetos.sql:52 ROWCOUNT=0
[OK 1076/1085] PLSQL_OR_DDL_BLOCK Revisao Master Deploy/24_Padronizar_Parceiros.sql:5 ROWCOUNT=0
DBMS_OUTPUT=ID_EXECUCAO=RMD_PAR_20260923150633700; REGISTROS=33
[OK 1077/1085] PLSQL_OR_DDL_BLOCK Revisao Master Deploy/25_Padronizar_Produtos.sql:5 ROWCOUNT=0
DBMS_OUTPUT=ID_EXECUCAO=RMD_PRO_20260923150634041; REGISTROS=0
[OK 1078/1085] PLSQL_OR_DDL_BLOCK Revisao Master Deploy/26_Padronizar_Tipos_Titulo.sql:5 ROWCOUNT=0
DBMS_OUTPUT=ID_EXECUCAO=RMD_TIT_20260923150634323; REGISTROS=0
[OK 1079/1085] PLSQL_OR_DDL_BLOCK Revisao Master Deploy/27_Padronizar_Cidades.sql:5 ROWCOUNT=0
DBMS_OUTPUT=ID_EXECUCAO=RMD_CID_20260923150634574; REGISTROS=0
[OK 1080/1085] PLSQL_OR_DDL_BLOCK Revisao Master Deploy/28_Padronizar_Tipos_Venda.sql:5 ROWCOUNT=0
DBMS_OUTPUT=ID_EXECUCAO=RMD_TPV_20260923150634864; REGISTROS=0
[OK 1081/1085] PLSQL_OR_DDL_BLOCK Revisao Master Deploy/29_Padronizar_Bairros.sql:6 ROWCOUNT=0
DBMS_OUTPUT=STATUS=CONCLUIDO_PARCIAL; ID_EXECUCAO=RMD_BAI_20260923150635093; REGISTROS=45045; GRUPOS_COLISAO_PRESERVADOS=420
[OK 1082/1085] PLSQL_OR_DDL_BLOCK Revisao Master Deploy/30_Padronizar_Enderecos.sql:6 ROWCOUNT=0
DBMS_OUTPUT=STATUS=CONCLUIDO_PARCIAL; ID_EXECUCAO=RMD_END_20260923150644534; REGISTROS=646110; GRUPOS_COLISAO_PRESERVADOS=6943
[OK 1083/1085] PLSQL_OR_DDL_BLOCK Revisao Master Deploy/31_Recompilar_Objetos_Invalidos.sql:5 ROWCOUNT=0
DBMS_OUTPUT=STATUS=IGNORADO_SEM_PRIVILEGIO; OBJETOS_INVALIDOS=27; USUARIO=FRANCISCO_JUNIOR; SCHEMA=SANKHYA; PRIVILEGIO_NECESSARIO=ALTER ANY PROCEDURE
[OK 1084/1085] SELECT Revisao Master Deploy/31_Recompilar_Objetos_Invalidos.sql:34 ROWCOUNT=0
[OK 1085/1085] SELECT Revisao Master Deploy/Revisao_Master_Deploy.sql:148 ROWCOUNT=0
COMMIT_LOTE=OK
[POST_OK 1/1] SELECT Clientes/FOCUSFINTAXPRD/Artefatos_Revisao/PostValidacao/00_Master_PosExecucao_FOCUSFINTAXPRD_READONLY.sql:2 ROWS=14
POST_RESULT={"columns": ["METRICA", "VALOR"], "rows": [["BACKUPS_RMD", "35"], ["CONTROLE_PENDENTE", "0"], ["CONTROLE_TOTAL", "9"], ["CURRENT_SCHEMA", "SANKHYA"], ["DB_NAME", "FOCUSFINTAXPRD"], ["INTEG_CAB_SEM_ITENS", "22"], ["INTEG_ITENS_SEM_CAB", "0"], ["OBJETOS_INVALIDOS", "27"], ["SERVICE_NAME", "focusfintaxprd.sankhyacloud.com.br"], ["SESSION_USER", "FRANCISCO_JUNIOR"], ["TRIGGERS_NAO_ENABLED", "0"], ["TSIBAI_TOTAL", "45989"], ["TSIEND_TOTAL", "681767"], ["UNIDADES_MAPEADAS", "93"]]}
STATUS=LOTE_CONCLUIDO_POS_VALIDADO
