SQL> SELECT SYS_CONTEXT('USERENV','CURRENT_SCHEMA') AS CURRENT_SCHEMA, SYS_CONTEXT('USERENV','SESSION_USER') AS SESSION_USER, SYSTIMESTAMP AS DH_PREFLIGHT FROM DUAL;

CURRENT_SCHEMA                                                                                                                                                                                                                                                   SESSION_USER                                                                                                                                                                                                                                                     DH_PREFLIGHT                      
---------------------------------------------------------------------------------------------------------------------------------------------------------------------------------------------------------------------------------------------------------------- ---------------------------------------------------------------------------------------------------------------------------------------------------------------------------------------------------------------------------------------------------------------- ----------------------------------
SANKHYA                                                                                                                                                                                                                                                          FRANCISCO_JUNIOR                                                                                                                                                                                                                                                 15/09/26 11:45:36,804250000 -03:00

1 row selected. 

SQL> SELECT T.CODTIPOPER,T.DHALTER,T.DESCROPER,T.PRECIFICA,T.ATUALEST,T.ATUALULTIMACOMP,T.ATUALULTIMAVEND,T.GOLSINAL,COUNT(DISTINCT C.NUNOTA) AS NOTAS,COUNT(I.CODPROD) AS ITENS,ROUND(AVG(I.VLRUNIT),2) AS MEDIA_VLRUNIT,SUM(NVL(I.QTDNEG,0)) AS QTD FROM TGFTOP T LEFT JOIN TGFCAB C ON C.CODTIPOPER=T.CODTIPOPER AND C.DHTIPOPER=T.DHALTER AND C.TIPMOV='C' LEFT JOIN TGFITE I ON I.NUNOTA=C.NUNOTA AND I.CODPROD IN (1451604,2237205918,2237205919,2237205920,2237205921,2237205922,2237205923,2237205924,2237205925,2237205926,2237205927,2237205928,2237205929,2237205930) WHERE T.CODTIPOPER IN (1401,1451,1452,1458) GROUP BY T.CODTIPOPER,T.DHALTER,T.DESCROPER,T.PRECIFICA,T.ATUALEST,T.ATUALULTIMACOMP,T.ATUALULTIMAVEND,T.GOLSINAL ORDER BY T.CODTIPOPER,T.DHALTER;

CODTIPOPER DHALTER  DESCROPER                                                                                            P A A A   GOLSINAL      NOTAS      ITENS MEDIA_VLRUNIT        QTD
---------- -------- ---------------------------------------------------------------------------------------------------- - - - - ---------- ---------- ---------- ------------- ----------
      1401 01/01/98 COMPRA - REVENDA                                                                                     C E E N          1          0          0                        0
      1401 14/09/22 COMPRA - REVENDA                                                                                     C E E N          1          0          0                        0
      1401 14/09/22 COMPRA - REVENDA                                                                                     C E E N          1          0          0                        0
      1401 03/10/22 COMPRA - REVENDA                                                                                     C E E N          1          0          0                        0
      1401 16/06/23 COMPRA - REVENDA                                                                                     C E E N          1          0          0                        0
      1401 08/07/24 COMPRA - REVENDA                                                                                     C E E N          1          0          0                        0
      1401 16/09/25 COMPRA - REVENDA                                                                                     C E E N          1          0          0                        0
      1401 16/09/25 COMPRA - REVENDA                                                                                     C E E N          1          0          0                        0
      1401 16/09/25 COMPRA - REVENDA                                                                                     C E E N          1          0          0                        0
      1401 03/03/26 COMPRA - REVENDA                                                                                     C E E N          1          0          0                        0
      1401 07/04/26 COMPRA - REVENDA                                                                                     C E E N          1          0          0                        0
      1401 10/04/26 COMPRA - REVENDA                                                                                     C E E N          1          0          0                        0
      1401 10/04/26 COMPRA - REVENDA                                                                                     C E E N          1          0          0                        0
      1401 24/04/26 COMPRA - REVENDA                                                                                     C E E N          1          0          0                        0
      1401 24/04/26 COMPRA - REVENDA                                                                                     C E E N          1          0          0                        0
      1401 02/06/26 COMPRA - REVENDA                                                                                     C E E N          1        375         93         54,25        852
      1451 01/01/98 ENTRADA - REMESSA BONIFICAÇÃO                                                                        C E N N          0          0          0                        0
      1451 16/09/25 ENTRADA - REMESSA BONIFICAÇÃO                                                                        C E N N          0          0          0                        0
      1451 16/09/25 ENTRADA - REMESSA BONIFICAÇÃO                                                                        C E N N          0          0          0                        0
      1451 16/09/25 ENTRADA - REMESSA BONIFICAÇÃO                                                                        C E N N          0          0          0                        0
      1451 16/09/25 ENTRADA - REMESSA BONIFICAÇÃO                                                                        C E N N          0          0          0                        0
      1451 03/11/25 ENTRADA - REMESSA BONIFICAÇÃO                                                                        C E N N          0          0          0                        0
      1451 10/04/26 ENTRADA - REMESSA BONIFICAÇÃO                                                                        C E N N          0          0          0                        0
      1451 10/04/26 ENTRADA - REMESSA BONIFICAÇÃO                                                                        C E N N          0         56         51          90,1        220
      1452 01/01/98 ENTRADA - TRANSFERENCIA ENTRE FILIAIS                                                                C E N N          0          0          0                        0
      1452 01/12/23 ENTRADA - TRANSFERENCIA ENTRE FILIAIS                                                                C E N N          0          0          0                        0
      1452 15/04/24 ENTRADA - TRANSFERENCIA ENTRE FILIAIS                                                                C E N N          0          0          0                        0
      1452 15/04/24 ENTRADA - TRANSFERENCIA ENTRE FILIAIS                                                                C E N N          0          0          0                        0
      1452 15/04/24 ENTRADA - TRANSFERENCIA ENTRE FILIAIS                                                                C E N N          0          0          0                        0
      1452 16/09/25 ENTRADA - TRANSFERENCIA ENTRE FILIAIS                                                                C E N N          0          0          0                        0
      1452 16/09/25 ENTRADA - TRANSFERENCIA ENTRE FILIAIS                                                                C E N N          0          0          0                        0
      1452 16/09/25 ENTRADA - TRANSFERENCIA ENTRE FILIAIS                                                                C E N N          0          0          0                        0
      1452 07/04/26 ENTRADA - TRANSFERENCIA ENTRE FILIAIS                                                                C E N N          0          0          0                        0
      1452 10/04/26 ENTRADA - TRANSFERENCIA ENTRE FILIAIS                                                                C E N N          0          0          0                        0
      1452 10/04/26 ENTRADA - TRANSFERENCIA ENTRE FILIAIS                                                                C E N N          0          0          0                        0
      1452 24/04/26 ENTRADA - TRANSFERENCIA ENTRE FILIAIS                                                                N E N N          0          0          0                        0
      1452 24/04/26 ENTRADA - TRANSFERENCIA ENTRE FILIAIS                                                                N E N N          0          0          0                        0
      1452 02/06/26 ENTRADA - TRANSFERENCIA ENTRE FILIAIS                                                                C E N N          0         35         34         86,63        372
      1458 01/01/98 ENTRADA - SIMPLES REMESSA (OUTRAS)                                                                   C E N N          0          0          0                        0
      1458 16/09/25 ENTRADA - SIMPLES REMESSA (OUTRAS)                                                                   C E N N          0          0          0                        0
      1458 16/09/25 ENTRADA - SIMPLES REMESSA (OUTRAS)                                                                   C E N N          0          0          0                        0
      1458 16/09/25 ENTRADA - SIMPLES REMESSA (OUTRAS)                                                                   C E N N          0          0          0                        0
      1458 16/09/25 ENTRADA - SIMPLES REMESSA (OUTRAS)                                                                   C E N N          0          0          0                        0
      1458 03/11/25 ENTRADA - SIMPLES REMESSA (OUTRAS)                                                                   C E N N          0          0          0                        0
      1458 10/04/26 ENTRADA - SIMPLES REMESSA (OUTRAS)                                                                   C E N N          0          0          0                        0
      1458 10/04/26 ENTRADA - SIMPLES REMESSA (OUTRAS)                                                                   C E N N          0          0          0                        0
      1458 25/06/26 ENTRADA - SIMPLES REMESSA (OUTRAS)                                                                   C E N N          0         99        134      10491,71        269

47 rows selected. 

SQL> SELECT C.CODTIPOPER,T.DESCROPER,I.CODPROD,P.DESCRPROD,COUNT(DISTINCT C.NUNOTA) AS NOTAS,COUNT(*) AS ITENS,ROUND(AVG(I.VLRUNIT),2) AS MEDIA_VLRUNIT,ROUND(SUM(NVL(I.VLRTOT,0)),2) AS TOTAL_ITEM,SUM(NVL(I.QTDNEG,0)) AS QTD FROM TGFCAB C JOIN TGFITE I ON I.NUNOTA=C.NUNOTA JOIN TGFPRO P ON P.CODPROD=I.CODPROD JOIN TGFTOP T ON T.CODTIPOPER=C.CODTIPOPER AND T.DHALTER=C.DHTIPOPER WHERE C.TIPMOV='C' AND C.CODTIPOPER IN (1401,1451,1452,1458) AND I.CODPROD IN (1451604,2237205918,2237205919,2237205920,2237205921,2237205922,2237205923,2237205924,2237205925,2237205926,2237205927,2237205928,2237205929,2237205930) GROUP BY C.CODTIPOPER,T.DESCROPER,I.CODPROD,P.DESCRPROD ORDER BY C.CODTIPOPER,I.CODPROD;

CODTIPOPER DESCROPER                                                                                               CODPROD DESCRPROD                                                                                                 NOTAS      ITENS MEDIA_VLRUNIT TOTAL_ITEM        QTD
---------- ---------------------------------------------------------------------------------------------------- ---------- ---------------------------------------------------------------------------------------------------- ---------- ---------- ------------- ---------- ----------
      1401 COMPRA - REVENDA                                                                                     2237205918 ZUM 18                                                                                                        8          8         53,76     2072,2         58
      1401 COMPRA - REVENDA                                                                                     2237205919 ZUM 19                                                                                                        7          7         49,84    1991,05         57
      1401 COMPRA - REVENDA                                                                                     2237205920 ZUM 20                                                                                                        7          7         49,84    1991,05         57
      1401 COMPRA - REVENDA                                                                                     2237205921 ZUM 21                                                                                                        7          7         49,85    1991,74         57
      1401 COMPRA - REVENDA                                                                                     2237205922 ZUM 22                                                                                                        8          8         53,78    2072,57         58
      1401 COMPRA - REVENDA                                                                                     2237205923 ZUM 23                                                                                                        9          9         56,84    2153,89         59
      1401 COMPRA - REVENDA                                                                                     2237205924 ZUM 24                                                                                                        8          8         53,78    2072,57         58
      1401 COMPRA - REVENDA                                                                                     2237205925 ZUM 25                                                                                                        8          8          55,2    2750,57         74
      1401 COMPRA - REVENDA                                                                                     2237205926 ZUM 26                                                                                                        8          8         50,87    3666,89         97
      1401 COMPRA - REVENDA                                                                                     2237205927 ZUM 27                                                                                                       11         12         55,88    5082,74        134
      1401 COMPRA - REVENDA                                                                                     2237205928 ZUM 28                                                                                                        4          4          57,5     2817,5         49
      1401 COMPRA - REVENDA                                                                                     2237205929 ZUM 29                                                                                                        4          4          57,5     5232,5         91
      1401 COMPRA - REVENDA                                                                                     2237205930 ZUM 30                                                                                                        3          3         72,51     217,52          3
      1451 ENTRADA - REMESSA BONIFICAÇÃO                                                                        2237205918 ZUM 18                                                                                                        3          3         81,15      649,2          8
      1451 ENTRADA - REMESSA BONIFICAÇÃO                                                                        2237205919 ZUM 19                                                                                                        3          3         81,15     568,05          7
      1451 ENTRADA - REMESSA BONIFICAÇÃO                                                                        2237205920 ZUM 20                                                                                                        3          3         81,15     405,75          5
      1451 ENTRADA - REMESSA BONIFICAÇÃO                                                                        2237205921 ZUM 21                                                                                                        3          3         81,75     653,98          8
      1451 ENTRADA - REMESSA BONIFICAÇÃO                                                                        2237205922 ZUM 22                                                                                                        3          3         81,32     406,61          5
      1451 ENTRADA - REMESSA BONIFICAÇÃO                                                                        2237205923 ZUM 23                                                                                                        4          4         81,32      731,9          9
      1451 ENTRADA - REMESSA BONIFICAÇÃO                                                                        2237205924 ZUM 24                                                                                                        4          4         81,32     569,25          7
      1451 ENTRADA - REMESSA BONIFICAÇÃO                                                                        2237205925 ZUM 25                                                                                                        4          4         92,17     460,86          5
      1451 ENTRADA - REMESSA BONIFICAÇÃO                                                                        2237205926 ZUM 26                                                                                                        3          3         92,17     460,87          5
      1451 ENTRADA - REMESSA BONIFICAÇÃO                                                                        2237205927 ZUM 27                                                                                                        6          6          91,2    1003,17         11
      1451 ENTRADA - REMESSA BONIFICAÇÃO                                                                        2237205928 ZUM 28                                                                                                        5          5        101,51    1116,62         11
      1451 ENTRADA - REMESSA BONIFICAÇÃO                                                                        2237205929 ZUM 29                                                                                                        7          7        102,52    8099,17         79
      1451 ENTRADA - REMESSA BONIFICAÇÃO                                                                        2237205930 ZUM 30                                                                                                        3          3        102,52    6151,27         60
      1452 ENTRADA - TRANSFERENCIA ENTRE FILIAIS                                                                2237205918 ZUM 18                                                                                                        2          2         81,15     2109,9         26
      1452 ENTRADA - TRANSFERENCIA ENTRE FILIAIS                                                                2237205919 ZUM 19                                                                                                        1          1         81,15     1947,6         24
      1452 ENTRADA - TRANSFERENCIA ENTRE FILIAIS                                                                2237205920 ZUM 20                                                                                                        2          2         81,15     2109,9         26
      1452 ENTRADA - TRANSFERENCIA ENTRE FILIAIS                                                                2237205921 ZUM 21                                                                                                        3          3         81,75    2370,63         29
      1452 ENTRADA - TRANSFERENCIA ENTRE FILIAIS                                                                2237205922 ZUM 22                                                                                                        2          2         81,32    2195,72         27
      1452 ENTRADA - TRANSFERENCIA ENTRE FILIAIS                                                                2237205923 ZUM 23                                                                                                        5          5         71,79    2622,04         34
      1452 ENTRADA - TRANSFERENCIA ENTRE FILIAIS                                                                2237205924 ZUM 24                                                                                                        3          3         81,32    2277,04         28
      1452 ENTRADA - TRANSFERENCIA ENTRE FILIAIS                                                                2237205925 ZUM 25                                                                                                        2          2         92,17    2949,54         32
      1452 ENTRADA - TRANSFERENCIA ENTRE FILIAIS                                                                2237205926 ZUM 26                                                                                                        3          3         92,17    3133,88         34
      1452 ENTRADA - TRANSFERENCIA ENTRE FILIAIS                                                                2237205927 ZUM 27                                                                                                        5          5          91,2    6110,19         67
      1452 ENTRADA - TRANSFERENCIA ENTRE FILIAIS                                                                2237205928 ZUM 28                                                                                                        3          3        101,51    1725,69         17
      1452 ENTRADA - TRANSFERENCIA ENTRE FILIAIS                                                                2237205929 ZUM 29                                                                                                        2          2        102,52    2357,99         23
      1452 ENTRADA - TRANSFERENCIA ENTRE FILIAIS                                                                2237205930 ZUM 30                                                                                                        1          1        102,52     512,61          5
      1458 ENTRADA - SIMPLES REMESSA (OUTRAS)                                                                      1451604 OBRAS ATIVO PERMANENTE - DIVERSOS                                                                             1          1       1394000    1394000          1
      1458 ENTRADA - SIMPLES REMESSA (OUTRAS)                                                                   2237205918 ZUM 18                                                                                                        7          7         81,15    1054,95         13
      1458 ENTRADA - SIMPLES REMESSA (OUTRAS)                                                                   2237205919 ZUM 19                                                                                                        9          9         81,15     1136,1         14
      1458 ENTRADA - SIMPLES REMESSA (OUTRAS)                                                                   2237205920 ZUM 20                                                                                                       10         12         81,15     1298,4         16
      1458 ENTRADA - SIMPLES REMESSA (OUTRAS)                                                                   2237205921 ZUM 21                                                                                                        8          8         81,75    1144,47         14
      1458 ENTRADA - SIMPLES REMESSA (OUTRAS)                                                                   2237205922 ZUM 22                                                                                                        7          8         81,32     894,54         11
      1458 ENTRADA - SIMPLES REMESSA (OUTRAS)                                                                   2237205923 ZUM 23                                                                                                        9         11         81,32    3171,58         39
      1458 ENTRADA - SIMPLES REMESSA (OUTRAS)                                                                   2237205924 ZUM 24                                                                                                       12         12         81,32    1382,47         17
      1458 ENTRADA - SIMPLES REMESSA (OUTRAS)                                                                   2237205925 ZUM 25                                                                                                        8          8         92,17    1106,07         12
      1458 ENTRADA - SIMPLES REMESSA (OUTRAS)                                                                   2237205926 ZUM 26                                                                                                        8          8         92,17    1106,07         12
      1458 ENTRADA - SIMPLES REMESSA (OUTRAS)                                                                   2237205927 ZUM 27                                                                                                       13         13          91,2    1550,37         17
      1458 ENTRADA - SIMPLES REMESSA (OUTRAS)                                                                   2237205928 ZUM 28                                                                                                       11         11        101,51    1725,68         17
      1458 ENTRADA - SIMPLES REMESSA (OUTRAS)                                                                   2237205929 ZUM 29                                                                                                       16         17        102,52    3998,31         39
      1458 ENTRADA - SIMPLES REMESSA (OUTRAS)                                                                   2237205930 ZUM 30                                                                                                        7          9        102,52    4818,49         47

53 rows selected. 

SQL> SELECT CODPROD,COUNT(*) AS LINHAS_TGFCUS,SUM(CASE WHEN DTATUAL=DATE '1900-01-01' THEN 1 ELSE 0 END) AS LINHAS_DATA_1900,SUM(CASE WHEN DTATUAL=DATE '1900-01-01' AND NVL(CUSSEMICM,0)=0 THEN 1 ELSE 0 END) AS OBSOLETAS_CANDIDATAS,MIN(DTATUAL) AS PRIMEIRA_DATA,MAX(DTATUAL) AS ULTIMA_DATA FROM TGFCUS WHERE CODPROD IN (1451604,2237205918,2237205919,2237205920,2237205921,2237205922,2237205923,2237205924,2237205925,2237205926,2237205927,2237205928,2237205929,2237205930) GROUP BY CODPROD ORDER BY CODPROD;

   CODPROD LINHAS_TGFCUS LINHAS_DATA_1900 OBSOLETAS_CANDIDATAS PRIMEIRA ULTIMA_D
---------- ------------- ---------------- -------------------- -------- --------
   1451604             3                2                    2 01/01/00 18/11/25
2237205918            21                4                    4 01/01/00 30/06/26
2237205919            21                4                    4 01/01/00 30/06/26
2237205920            23                4                    4 01/01/00 20/07/26
2237205921            24                4                    4 01/01/00 30/06/26
2237205922            23                4                    4 01/01/00 30/06/26
2237205923            26                4                    4 01/01/00 30/07/26
2237205924            28                4                    4 01/01/00 30/06/26
2237205925            23                4                    4 01/01/00 30/06/26
2237205926            25                4                    4 01/01/00 30/06/26
2237205927            35                4                    4 01/01/00 30/06/26
2237205928            23                4                    4 01/01/00 30/06/26
2237205929            29                4                    4 01/01/00 30/06/26
2237205930            16                3                    3 01/01/00 06/08/26

14 rows selected. 

SQL> SELECT C.OWNER,C.CONSTRAINT_NAME,C.CONSTRAINT_TYPE,CC.POSITION,CC.COLUMN_NAME FROM ALL_CONSTRAINTS C JOIN ALL_CONS_COLUMNS CC ON CC.OWNER=C.OWNER AND CC.CONSTRAINT_NAME=C.CONSTRAINT_NAME WHERE C.OWNER='SANKHYA' AND C.TABLE_NAME='TGFCUS' ORDER BY C.CONSTRAINT_NAME,CC.POSITION;

OWNER                                                                                                                            CONSTRAINT_NAME                                                                                                                  C   POSITION COLUMN_NAME                                                                                                                                                                                                                                                                                                                                                                                                                                                                                                                                                                                                                                                                                                                                                                                                                                                                                                                                                                                                                                                                                                                                                                                                                                                                                                                                                                                                                                                                                                                                                                                                                                                                                                                                                                                                                                                                                                                                                                                                                                                                                                                                                                                                                                                                                                                                                                                                                                                                                                                                                                                                                                                                                                                                                                                                                                                                                                                                                                                                                                                                                                                                                                                                                                                                                                                                                                                                                                                                                                                                                                                                                                                                                                                                                                                                                                                                                                                                                                                                                                                                                                                                                     
-------------------------------------------------------------------------------------------------------------------------------- -------------------------------------------------------------------------------------------------------------------------------- - ---------- ----------------------------------------------------------------------------------------------------------------------------------------------------------------------------------------------------------------------------------------------------------------------------------------------------------------------------------------------------------------------------------------------------------------------------------------------------------------------------------------------------------------------------------------------------------------------------------------------------------------------------------------------------------------------------------------------------------------------------------------------------------------------------------------------------------------------------------------------------------------------------------------------------------------------------------------------------------------------------------------------------------------------------------------------------------------------------------------------------------------------------------------------------------------------------------------------------------------------------------------------------------------------------------------------------------------------------------------------------------------------------------------------------------------------------------------------------------------------------------------------------------------------------------------------------------------------------------------------------------------------------------------------------------------------------------------------------------------------------------------------------------------------------------------------------------------------------------------------------------------------------------------------------------------------------------------------------------------------------------------------------------------------------------------------------------------------------------------------------------------------------------------------------------------------------------------------------------------------------------------------------------------------------------------------------------------------------------------------------------------------------------------------------------------------------------------------------------------------------------------------------------------------------------------------------------------------------------------------------------------------------------------------------------------------------------------------------------------------------------------------------------------------------------------------------------------------------------------------------------------------------------------------------------------------------------------------------------------------------------------------------------------------------------------------------------------------------------------------------------------------------------------------------------------------------------------------------------------------------------------------------------------------------------------------------------------------------------------------------------------------------------------------------------------------------------------------------------------------------------------------------------------------------------------------------------------------------------------------------------------------------------------------------------------------------------------------------------------------------------------------------------------------------------------------------------------------------------------------------------------------------------------------------------------------------------------------------------------------------------------------------------------------------------------------------------------------------------------------------------------------------------------------------------------
SANKHYA                                                                                                                          CKC_ALTPRECO_TGFCUS                                                                                                              C            ALTPRECO                                                                                                                                                                                                                                                                                                                                                                                                                                                                                                                                                                                                                                                                                                                                                                                                                                                                                                                                                                                                                                                                                                                                                                                                                                                                                                                                                                                                                                                                                                                                                                                                                                                                                                                                                                                                                                                                                                                                                                                                                                                                                                                                                                                                                                                                                                                                                                                                                                                                                                                                                                                                                                                                                                                                                                                                                                                                                                                                                                                                                                                                                                                                                                                                                                                                                                                                                                                                                                                                                                                                                                                                                                                                                                                                                                                                                                                                                                                                                                                                                                                                                                                                                        
SANKHYA                                                                                                                          CKC_AUTOMATICO_TGFCUS                                                                                                            C            AUTOMATICO                                                                                                                                                                                                                                                                                                                                                                                                                                                                                                                                                                                                                                                                                                                                                                                                                                                                                                                                                                                                                                                                                                                                                                                                                                                                                                                                                                                                                                                                                                                                                                                                                                                                                                                                                                                                                                                                                                                                                                                                                                                                                                                                                                                                                                                                                                                                                                                                                                                                                                                                                                                                                                                                                                                                                                                                                                                                                                                                                                                                                                                                                                                                                                                                                                                                                                                                                                                                                                                                                                                                                                                                                                                                                                                                                                                                                                                                                                                                                                                                                                                                                                                                                      
SANKHYA                                                                                                                          CKC_CODEMP_TGFCUS                                                                                                                C            CODEMP                                                                                                                                                                                                                                                                                                                                                                                                                                                                                                                                                                                                                                                                                                                                                                                                                                                                                                                                                                                                                                                                                                                                                                                                                                                                                                                                                                                                                                                                                                                                                                                                                                                                                                                                                                                                                                                                                                                                                                                                                                                                                                                                                                                                                                                                                                                                                                                                                                                                                                                                                                                                                                                                                                                                                                                                                                                                                                                                                                                                                                                                                                                                                                                                                                                                                                                                                                                                                                                                                                                                                                                                                                                                                                                                                                                                                                                                                                                                                                                                                                                                                                                                                          
SANKHYA                                                                                                                          CKC_CUSMEDCALC_TGFCUS                                                                                                            C            CUSMEDCALC                                                                                                                                                                                                                                                                                                                                                                                                                                                                                                                                                                                                                                                                                                                                                                                                                                                                                                                                                                                                                                                                                                                                                                                                                                                                                                                                                                                                                                                                                                                                                                                                                                                                                                                                                                                                                                                                                                                                                                                                                                                                                                                                                                                                                                                                                                                                                                                                                                                                                                                                                                                                                                                                                                                                                                                                                                                                                                                                                                                                                                                                                                                                                                                                                                                                                                                                                                                                                                                                                                                                                                                                                                                                                                                                                                                                                                                                                                                                                                                                                                                                                                                                                      
SANKHYA                                                                                                                          CKC_RECARGA_TGFCUS                                                                                                               C            RECARGA                                                                                                                                                                                                                                                                                                                                                                                                                                                                                                                                                                                                                                                                                                                                                                                                                                                                                                                                                                                                                                                                                                                                                                                                                                                                                                                                                                                                                                                                                                                                                                                                                                                                                                                                                                                                                                                                                                                                                                                                                                                                                                                                                                                                                                                                                                                                                                                                                                                                                                                                                                                                                                                                                                                                                                                                                                                                                                                                                                                                                                                                                                                                                                                                                                                                                                                                                                                                                                                                                                                                                                                                                                                                                                                                                                                                                                                                                                                                                                                                                                                                                                                                                         
SANKHYA                                                                                                                          FK_TGFCUS_TGFEMP                                                                                                                 R          1 CODEMP                                                                                                                                                                                                                                                                                                                                                                                                                                                                                                                                                                                                                                                                                                                                                                                                                                                                                                                                                                                                                                                                                                                                                                                                                                                                                                                                                                                                                                                                                                                                                                                                                                                                                                                                                                                                                                                                                                                                                                                                                                                                                                                                                                                                                                                                                                                                                                                                                                                                                                                                                                                                                                                                                                                                                                                                                                                                                                                                                                                                                                                                                                                                                                                                                                                                                                                                                                                                                                                                                                                                                                                                                                                                                                                                                                                                                                                                                                                                                                                                                                                                                                                                                          
SANKHYA                                                                                                                          FK_TGFCUS_TGFLOC                                                                                                                 R          1 CODLOCAL                                                                                                                                                                                                                                                                                                                                                                                                                                                                                                                                                                                                                                                                                                                                                                                                                                                                                                                                                                                                                                                                                                                                                                                                                                                                                                                                                                                                                                                                                                                                                                                                                                                                                                                                                                                                                                                                                                                                                                                                                                                                                                                                                                                                                                                                                                                                                                                                                                                                                                                                                                                                                                                                                                                                                                                                                                                                                                                                                                                                                                                                                                                                                                                                                                                                                                                                                                                                                                                                                                                                                                                                                                                                                                                                                                                                                                                                                                                                                                                                                                                                                                                                                        
SANKHYA                                                                                                                          FK_TGFCUS_TGFPRO                                                                                                                 R          1 CODPROD                                                                                                                                                                                                                                                                                                                                                                                                                                                                                                                                                                                                                                                                                                                                                                                                                                                                                                                                                                                                                                                                                                                                                                                                                                                                                                                                                                                                                                                                                                                                                                                                                                                                                                                                                                                                                                                                                                                                                                                                                                                                                                                                                                                                                                                                                                                                                                                                                                                                                                                                                                                                                                                                                                                                                                                                                                                                                                                                                                                                                                                                                                                                                                                                                                                                                                                                                                                                                                                                                                                                                                                                                                                                                                                                                                                                                                                                                                                                                                                                                                                                                                                                                         
SANKHYA                                                                                                                          PK_TGFCUS                                                                                                                        P          1 CODPROD                                                                                                                                                                                                                                                                                                                                                                                                                                                                                                                                                                                                                                                                                                                                                                                                                                                                                                                                                                                                                                                                                                                                                                                                                                                                                                                                                                                                                                                                                                                                                                                                                                                                                                                                                                                                                                                                                                                                                                                                                                                                                                                                                                                                                                                                                                                                                                                                                                                                                                                                                                                                                                                                                                                                                                                                                                                                                                                                                                                                                                                                                                                                                                                                                                                                                                                                                                                                                                                                                                                                                                                                                                                                                                                                                                                                                                                                                                                                                                                                                                                                                                                                                         
SANKHYA                                                                                                                          PK_TGFCUS                                                                                                                        P          2 CODEMP                                                                                                                                                                                                                                                                                                                                                                                                                                                                                                                                                                                                                                                                                                                                                                                                                                                                                                                                                                                                                                                                                                                                                                                                                                                                                                                                                                                                                                                                                                                                                                                                                                                                                                                                                                                                                                                                                                                                                                                                                                                                                                                                                                                                                                                                                                                                                                                                                                                                                                                                                                                                                                                                                                                                                                                                                                                                                                                                                                                                                                                                                                                                                                                                                                                                                                                                                                                                                                                                                                                                                                                                                                                                                                                                                                                                                                                                                                                                                                                                                                                                                                                                                          
SANKHYA                                                                                                                          PK_TGFCUS                                                                                                                        P          3 DTATUAL                                                                                                                                                                                                                                                                                                                                                                                                                                                                                                                                                                                                                                                                                                                                                                                                                                                                                                                                                                                                                                                                                                                                                                                                                                                                                                                                                                                                                                                                                                                                                                                                                                                                                                                                                                                                                                                                                                                                                                                                                                                                                                                                                                                                                                                                                                                                                                                                                                                                                                                                                                                                                                                                                                                                                                                                                                                                                                                                                                                                                                                                                                                                                                                                                                                                                                                                                                                                                                                                                                                                                                                                                                                                                                                                                                                                                                                                                                                                                                                                                                                                                                                                                         
SANKHYA                                                                                                                          PK_TGFCUS                                                                                                                        P          4 CODLOCAL                                                                                                                                                                                                                                                                                                                                                                                                                                                                                                                                                                                                                                                                                                                                                                                                                                                                                                                                                                                                                                                                                                                                                                                                                                                                                                                                                                                                                                                                                                                                                                                                                                                                                                                                                                                                                                                                                                                                                                                                                                                                                                                                                                                                                                                                                                                                                                                                                                                                                                                                                                                                                                                                                                                                                                                                                                                                                                                                                                                                                                                                                                                                                                                                                                                                                                                                                                                                                                                                                                                                                                                                                                                                                                                                                                                                                                                                                                                                                                                                                                                                                                                                                        
SANKHYA                                                                                                                          PK_TGFCUS                                                                                                                        P          5 CONTROLE                                                                                                                                                                                                                                                                                                                                                                                                                                                                                                                                                                                                                                                                                                                                                                                                                                                                                                                                                                                                                                                                                                                                                                                                                                                                                                                                                                                                                                                                                                                                                                                                                                                                                                                                                                                                                                                                                                                                                                                                                                                                                                                                                                                                                                                                                                                                                                                                                                                                                                                                                                                                                                                                                                                                                                                                                                                                                                                                                                                                                                                                                                                                                                                                                                                                                                                                                                                                                                                                                                                                                                                                                                                                                                                                                                                                                                                                                                                                                                                                                                                                                                                                                        
SANKHYA                                                                                                                          PK_TGFCUS                                                                                                                        P          6 NUNOTA                                                                                                                                                                                                                                                                                                                                                                                                                                                                                                                                                                                                                                                                                                                                                                                                                                                                                                                                                                                                                                                                                                                                                                                                                                                                                                                                                                                                                                                                                                                                                                                                                                                                                                                                                                                                                                                                                                                                                                                                                                                                                                                                                                                                                                                                                                                                                                                                                                                                                                                                                                                                                                                                                                                                                                                                                                                                                                                                                                                                                                                                                                                                                                                                                                                                                                                                                                                                                                                                                                                                                                                                                                                                                                                                                                                                                                                                                                                                                                                                                                                                                                                                                          
SANKHYA                                                                                                                          PK_TGFCUS                                                                                                                        P          7 SEQUENCIA                                                                                                                                                                                                                                                                                                                                                                                                                                                                                                                                                                                                                                                                                                                                                                                                                                                                                                                                                                                                                                                                                                                                                                                                                                                                                                                                                                                                                                                                                                                                                                                                                                                                                                                                                                                                                                                                                                                                                                                                                                                                                                                                                                                                                                                                                                                                                                                                                                                                                                                                                                                                                                                                                                                                                                                                                                                                                                                                                                                                                                                                                                                                                                                                                                                                                                                                                                                                                                                                                                                                                                                                                                                                                                                                                                                                                                                                                                                                                                                                                                                                                                                                                       
SANKHYA                                                                                                                          SYS_C00326066                                                                                                                    C            CODPROD                                                                                                                                                                                                                                                                                                                                                                                                                                                                                                                                                                                                                                                                                                                                                                                                                                                                                                                                                                                                                                                                                                                                                                                                                                                                                                                                                                                                                                                                                                                                                                                                                                                                                                                                                                                                                                                                                                                                                                                                                                                                                                                                                                                                                                                                                                                                                                                                                                                                                                                                                                                                                                                                                                                                                                                                                                                                                                                                                                                                                                                                                                                                                                                                                                                                                                                                                                                                                                                                                                                                                                                                                                                                                                                                                                                                                                                                                                                                                                                                                                                                                                                                                         
SANKHYA                                                                                                                          SYS_C00326067                                                                                                                    C            CODEMP                                                                                                                                                                                                                                                                                                                                                                                                                                                                                                                                                                                                                                                                                                                                                                                                                                                                                                                                                                                                                                                                                                                                                                                                                                                                                                                                                                                                                                                                                                                                                                                                                                                                                                                                                                                                                                                                                                                                                                                                                                                                                                                                                                                                                                                                                                                                                                                                                                                                                                                                                                                                                                                                                                                                                                                                                                                                                                                                                                                                                                                                                                                                                                                                                                                                                                                                                                                                                                                                                                                                                                                                                                                                                                                                                                                                                                                                                                                                                                                                                                                                                                                                                          
SANKHYA                                                                                                                          SYS_C00326068                                                                                                                    C            DTATUAL                                                                                                                                                                                                                                                                                                                                                                                                                                                                                                                                                                                                                                                                                                                                                                                                                                                                                                                                                                                                                                                                                                                                                                                                                                                                                                                                                                                                                                                                                                                                                                                                                                                                                                                                                                                                                                                                                                                                                                                                                                                                                                                                                                                                                                                                                                                                                                                                                                                                                                                                                                                                                                                                                                                                                                                                                                                                                                                                                                                                                                                                                                                                                                                                                                                                                                                                                                                                                                                                                                                                                                                                                                                                                                                                                                                                                                                                                                                                                                                                                                                                                                                                                         
SANKHYA                                                                                                                          SYS_C00326069                                                                                                                    C            CODLOCAL                                                                                                                                                                                                                                                                                                                                                                                                                                                                                                                                                                                                                                                                                                                                                                                                                                                                                                                                                                                                                                                                                                                                                                                                                                                                                                                                                                                                                                                                                                                                                                                                                                                                                                                                                                                                                                                                                                                                                                                                                                                                                                                                                                                                                                                                                                                                                                                                                                                                                                                                                                                                                                                                                                                                                                                                                                                                                                                                                                                                                                                                                                                                                                                                                                                                                                                                                                                                                                                                                                                                                                                                                                                                                                                                                                                                                                                                                                                                                                                                                                                                                                                                                        
SANKHYA                                                                                                                          SYS_C00326070                                                                                                                    C            CONTROLE                                                                                                                                                                                                                                                                                                                                                                                                                                                                                                                                                                                                                                                                                                                                                                                                                                                                                                                                                                                                                                                                                                                                                                                                                                                                                                                                                                                                                                                                                                                                                                                                                                                                                                                                                                                                                                                                                                                                                                                                                                                                                                                                                                                                                                                                                                                                                                                                                                                                                                                                                                                                                                                                                                                                                                                                                                                                                                                                                                                                                                                                                                                                                                                                                                                                                                                                                                                                                                                                                                                                                                                                                                                                                                                                                                                                                                                                                                                                                                                                                                                                                                                                                        
SANKHYA                                                                                                                          SYS_C00326071                                                                                                                    C            CUSMEDICM                                                                                                                                                                                                                                                                                                                                                                                                                                                                                                                                                                                                                                                                                                                                                                                                                                                                                                                                                                                                                                                                                                                                                                                                                                                                                                                                                                                                                                                                                                                                                                                                                                                                                                                                                                                                                                                                                                                                                                                                                                                                                                                                                                                                                                                                                                                                                                                                                                                                                                                                                                                                                                                                                                                                                                                                                                                                                                                                                                                                                                                                                                                                                                                                                                                                                                                                                                                                                                                                                                                                                                                                                                                                                                                                                                                                                                                                                                                                                                                                                                                                                                                                                       
SANKHYA                                                                                                                          SYS_C00326072                                                                                                                    C            CUSSEMICM                                                                                                                                                                                                                                                                                                                                                                                                                                                                                                                                                                                                                                                                                                                                                                                                                                                                                                                                                                                                                                                                                                                                                                                                                                                                                                                                                                                                                                                                                                                                                                                                                                                                                                                                                                                                                                                                                                                                                                                                                                                                                                                                                                                                                                                                                                                                                                                                                                                                                                                                                                                                                                                                                                                                                                                                                                                                                                                                                                                                                                                                                                                                                                                                                                                                                                                                                                                                                                                                                                                                                                                                                                                                                                                                                                                                                                                                                                                                                                                                                                                                                                                                                       
SANKHYA                                                                                                                          SYS_C00326073                                                                                                                    C            CUSREP                                                                                                                                                                                                                                                                                                                                                                                                                                                                                                                                                                                                                                                                                                                                                                                                                                                                                                                                                                                                                                                                                                                                                                                                                                                                                                                                                                                                                                                                                                                                                                                                                                                                                                                                                                                                                                                                                                                                                                                                                                                                                                                                                                                                                                                                                                                                                                                                                                                                                                                                                                                                                                                                                                                                                                                                                                                                                                                                                                                                                                                                                                                                                                                                                                                                                                                                                                                                                                                                                                                                                                                                                                                                                                                                                                                                                                                                                                                                                                                                                                                                                                                                                          
SANKHYA                                                                                                                          SYS_C00326074                                                                                                                    C            CUSVARIAVEL                                                                                                                                                                                                                                                                                                                                                                                                                                                                                                                                                                                                                                                                                                                                                                                                                                                                                                                                                                                                                                                                                                                                                                                                                                                                                                                                                                                                                                                                                                                                                                                                                                                                                                                                                                                                                                                                                                                                                                                                                                                                                                                                                                                                                                                                                                                                                                                                                                                                                                                                                                                                                                                                                                                                                                                                                                                                                                                                                                                                                                                                                                                                                                                                                                                                                                                                                                                                                                                                                                                                                                                                                                                                                                                                                                                                                                                                                                                                                                                                                                                                                                                                                     
SANKHYA                                                                                                                          SYS_C00326075                                                                                                                    C            CUSGER                                                                                                                                                                                                                                                                                                                                                                                                                                                                                                                                                                                                                                                                                                                                                                                                                                                                                                                                                                                                                                                                                                                                                                                                                                                                                                                                                                                                                                                                                                                                                                                                                                                                                                                                                                                                                                                                                                                                                                                                                                                                                                                                                                                                                                                                                                                                                                                                                                                                                                                                                                                                                                                                                                                                                                                                                                                                                                                                                                                                                                                                                                                                                                                                                                                                                                                                                                                                                                                                                                                                                                                                                                                                                                                                                                                                                                                                                                                                                                                                                                                                                                                                                          
SANKHYA                                                                                                                          SYS_C00326076                                                                                                                    C            CUSMED                                                                                                                                                                                                                                                                                                                                                                                                                                                                                                                                                                                                                                                                                                                                                                                                                                                                                                                                                                                                                                                                                                                                                                                                                                                                                                                                                                                                                                                                                                                                                                                                                                                                                                                                                                                                                                                                                                                                                                                                                                                                                                                                                                                                                                                                                                                                                                                                                                                                                                                                                                                                                                                                                                                                                                                                                                                                                                                                                                                                                                                                                                                                                                                                                                                                                                                                                                                                                                                                                                                                                                                                                                                                                                                                                                                                                                                                                                                                                                                                                                                                                                                                                          
SANKHYA                                                                                                                          SYS_C00326077                                                                                                                    C            AUTOMATICO                                                                                                                                                                                                                                                                                                                                                                                                                                                                                                                                                                                                                                                                                                                                                                                                                                                                                                                                                                                                                                                                                                                                                                                                                                                                                                                                                                                                                                                                                                                                                                                                                                                                                                                                                                                                                                                                                                                                                                                                                                                                                                                                                                                                                                                                                                                                                                                                                                                                                                                                                                                                                                                                                                                                                                                                                                                                                                                                                                                                                                                                                                                                                                                                                                                                                                                                                                                                                                                                                                                                                                                                                                                                                                                                                                                                                                                                                                                                                                                                                                                                                                                                                      
SANKHYA                                                                                                                          SYS_C00326078                                                                                                                    C            NUNOTA                                                                                                                                                                                                                                                                                                                                                                                                                                                                                                                                                                                                                                                                                                                                                                                                                                                                                                                                                                                                                                                                                                                                                                                                                                                                                                                                                                                                                                                                                                                                                                                                                                                                                                                                                                                                                                                                                                                                                                                                                                                                                                                                                                                                                                                                                                                                                                                                                                                                                                                                                                                                                                                                                                                                                                                                                                                                                                                                                                                                                                                                                                                                                                                                                                                                                                                                                                                                                                                                                                                                                                                                                                                                                                                                                                                                                                                                                                                                                                                                                                                                                                                                                          
SANKHYA                                                                                                                          SYS_C00326079                                                                                                                    C            SEQUENCIA                                                                                                                                                                                                                                                                                                                                                                                                                                                                                                                                                                                                                                                                                                                                                                                                                                                                                                                                                                                                                                                                                                                                                                                                                                                                                                                                                                                                                                                                                                                                                                                                                                                                                                                                                                                                                                                                                                                                                                                                                                                                                                                                                                                                                                                                                                                                                                                                                                                                                                                                                                                                                                                                                                                                                                                                                                                                                                                                                                                                                                                                                                                                                                                                                                                                                                                                                                                                                                                                                                                                                                                                                                                                                                                                                                                                                                                                                                                                                                                                                                                                                                                                                       
SANKHYA                                                                                                                          SYS_C00326080                                                                                                                    C            CUSMEDCALC                                                                                                                                                                                                                                                                                                                                                                                                                                                                                                                                                                                                                                                                                                                                                                                                                                                                                                                                                                                                                                                                                                                                                                                                                                                                                                                                                                                                                                                                                                                                                                                                                                                                                                                                                                                                                                                                                                                                                                                                                                                                                                                                                                                                                                                                                                                                                                                                                                                                                                                                                                                                                                                                                                                                                                                                                                                                                                                                                                                                                                                                                                                                                                                                                                                                                                                                                                                                                                                                                                                                                                                                                                                                                                                                                                                                                                                                                                                                                                                                                                                                                                                                                      
SANKHYA                                                                                                                          SYS_C00326081                                                                                                                    C            RECARGA                                                                                                                                                                                                                                                                                                                                                                                                                                                                                                                                                                                                                                                                                                                                                                                                                                                                                                                                                                                                                                                                                                                                                                                                                                                                                                                                                                                                                                                                                                                                                                                                                                                                                                                                                                                                                                                                                                                                                                                                                                                                                                                                                                                                                                                                                                                                                                                                                                                                                                                                                                                                                                                                                                                                                                                                                                                                                                                                                                                                                                                                                                                                                                                                                                                                                                                                                                                                                                                                                                                                                                                                                                                                                                                                                                                                                                                                                                                                                                                                                                                                                                                                                         

31 rows selected. 

SQL> SELECT OWNER,INDEX_NAME,INDEX_TYPE,UNIQUENESS,STATUS,COLUMN_NAME,COLUMN_POSITION FROM ALL_IND_COLUMNS WHERE TABLE_OWNER='SANKHYA' AND TABLE_NAME='TGFCUS' ORDER BY INDEX_NAME,COLUMN_POSITION;

Error starting at line : 7 in command -
SELECT OWNER,INDEX_NAME,INDEX_TYPE,UNIQUENESS,STATUS,COLUMN_NAME,COLUMN_POSITION FROM ALL_IND_COLUMNS WHERE TABLE_OWNER='SANKHYA' AND TABLE_NAME='TGFCUS' ORDER BY INDEX_NAME,COLUMN_POSITION
Error at Command Line : 7 Column : 47
Error report -
SQL Error: ORA-00904: "STATUS": invalid identifier
Help: https://docs.oracle.com/error-help/db/ora-00904/
Rollback
SQL> SPOOL OFF
SQL> SPOOL "/Users/spadarojr/Documents/Trabalho/Sankhya/Deploy Agent/Scripts-Deploy/7 - QA2/Clientes/INSTITUTO MOREIRA SALLES/Logs/48_Atividade_CMV_maior_faturamento_Rotina_Custo_Orquestracao_ReadOnly_20260915.log"
